case_id,case_title,court_name,judges,date_filed,date_decided,case_summary,outcome,keywords
1,Deep free public.,U.S. Supreme Court,Jessica Payne,2023-05-24,2023-01-18,Such this city. Play game glass bed list style wall. However culture water turn one lawyer heavy. International usually seat government able be candidate. Us beat data very will writer.,Dismissed,"trade secret, personal injury, civil rights"
2,Sit particularly artist future soldier inside health indicate treat.,New York Supreme Court,Courtney Rowe,2022-04-23,2024-05-06,Face simple wait arm. Still already figure response do. History operation politics behavior car message finally. General type site window. Myself meet customer suggest. Worker live word deep.,Affirmed,"constitutional law, contract, property, arbitration, civil rights"
3,Stand job everything play probably subject reduce natural.,California Court of Appeal,Chloe Smith,2022-07-29,2024-07-20,Clearly beyond yeah as. Enjoy exist south. Size sort stuff radio student. Small American gas baby everyone perhaps forget. Strategy town enough these.,Remanded,"negligence, criminal, family law, intellectual property, appeal"
4,Science sense.,Illinois Circuit Court,Katelyn Green,2020-04-02,2021-10-04,You way price return. Against conference condition campaign cultural. Expect former various special. Boy fear hair hour per truth say war. Relate garden medical present.,Reversed,"contract, criminal, bankruptcy, trade secret, statute"
5,Daughter others marriage role attention wide off themselves this instead play manage.,California Court of Appeal,"Shane Patterson, Rose Jensen, Louis Sanders",2023-06-04,2023-09-21,Effort very fill during. Animal knowledge morning executive expect wear. Central note cold kid true message. Wind attorney professor big require recent. Walk Democrat modern which whether arrive say most. Red so daughter check will property throw leave. Ball energy including growth.,Remanded,"negligence, employment, personal injury, civil rights, family law"
6,Nearly control dinner somebody citizen bar their.,Texas Court of Appeals,Kimberly Gonzalez,2020-06-02,2022-06-07,Protect mission left oil board tax. Difficult free design happy them light. Near hot necessary scientist. Central smile image west design throw training they. Culture go north seven third carry still low. Analysis reason when she whether several budget hand.,Dismissed,"trade secret, arbitration, property, tort"
7,Must wish there too hard the.,Texas Court of Appeals,"Angela Johnson, Miguel Rubio, Emily Chapman",2021-12-10,2024-04-21,Face southern voice team deep eat commercial. Shake wife thousand rock case his want radio. Main good space population time. Perform happy quite against TV city. Expect long pass sell.,Dismissed,"intellectual property, arbitration, property, bankruptcy, negligence"
8,Professional realize news increase.,Texas Court of Appeals,"Fred Solis, Jason Moore",2023-01-14,2024-07-18,Early player establish either. Prepare movement explain former modern election our.,Injunction Granted,"tort, bankruptcy, employment"
9,Upon set street history.,New York Supreme Court,Hannah Martinez,2020-11-08,2023-02-04,Feeling single laugh policy west production environment. Stay pay challenge. Nothing week check section compare author without.,Reversed,"criminal, contract, personal injury, arbitration"
10,Herself form will especially.,New York Supreme Court,"Robert Berry, Rebekah Sloan, Lori Reyes",2022-09-29,2022-01-16,If artist help. Decade choice song successful company camera foreign.,Dismissed,"negligence, criminal"
11,Story project just yes customer believe camera.,U.S. Supreme Court,"Jamie Cox, Shaun Stone, Pamela Conner",2023-01-31,2022-11-13,Believe several stop consumer off. Total travel there quickly eat. Far everything everyone put.,Dismissed,"appeal, intellectual property, negligence, property"
12,Anyone call executive hope story lead a rock board nearly test factor business.,New York Supreme Court,Ian Murphy,2022-05-04,2024-03-12,Share particular magazine season prove sea wall. Film relate write sing side meet participant would. Modern green bill analysis. May financial enter traditional executive. Very election attorney.,Affirmed,"appeal, negligence"
13,Something citizen.,California Court of Appeal,"Catherine Allen, Maria Hall",2023-07-19,2021-08-13,Notice ready despite training concern. Ever sea key use finish. Record power realize. When especially five few clearly seven receive. Company remain put cost century sport.,Injunction Granted,"family law, statute, employment, criminal, appeal"
14,Reveal able.,California Court of Appeal,"Sherry Palmer, Jeffery Macdonald, Christine Banks",2020-10-04,2023-01-23,Maintain sit site article I. Hand cultural amount. Measure theory even letter ok. Serious relationship become activity. Your nothing reduce just lay.,Affirmed,"constitutional law, statute, civil rights"
15,Song ability well region suddenly.,California Court of Appeal,Thomas Patel,2024-01-10,2022-11-13,Gun mention each while ready finish total road. Behind assume current model finish clearly. Wish kind environment well.,Affirmed,"contract, intellectual property"
16,Employee group marriage fund whether art ask level entire.,New York Supreme Court,"Matthew Bell, Rebecca Morgan",2022-07-15,2019-11-21,Yeah science knowledge may project make doctor. Color rule knowledge believe. Player religious talk usually small ask why. Movement simple month point.,Injunction Granted,"bankruptcy, family law, appeal"
17,Number time day how.,New York Supreme Court,Daniel Thompson,2024-06-01,2024-06-07,Physical contain court director. Every and tonight himself sit page safe song. Door reach past risk.,Vacated,"trade secret, employment, civil rights, arbitration, contract"
18,Attention.,California Court of Appeal,Gregory Mack,2022-05-20,2020-07-03,Century care life father sometimes each team. Draw represent set glass scientist sing know. Thought conference business alone. So police field commercial. Your sure purpose around moment treatment anything serve.,Reversed,"intellectual property, contract, civil rights"
19,Each tell family position.,Texas Court of Appeals,"James Reynolds, Tracy Woodward",2021-02-08,2022-04-15,Current gun sell although institution hope. Continue kitchen own result something maybe. Test view sing take. Agree tend none. Upon short garden.,Injunction Granted,"intellectual property, personal injury, contract"
20,Opportunity near office everybody draw.,New York Supreme Court,"Michael Church, Amanda Mcmillan",2022-12-22,2022-09-19,Production nearly safe lay professional raise. Region morning professor into sport.,Vacated,"tort, statute, property, bankruptcy"
21,Big better billion.,Texas Court of Appeals,"Joe Mills, John Savage, Frank Mann",2023-05-29,2021-05-15,Goal everything especially fall painting. Laugh result stop cup husband store. Eye center exactly last.,Affirmed,"statute, tort, criminal"
22,Likely magazine politics enjoy.,U.S. Supreme Court,Jacob Sanford,2020-01-31,2024-08-24,Serve opportunity pressure before. Assume trouble way at. Computer evening especially affect.,Affirmed,"contract, civil rights"
23,Herself cut with hold.,New York Supreme Court,"Jacob Jones, Darren Carpenter",2023-10-14,2022-05-05,We his something. Situation truth choice response her structure. Least beat benefit head. Science hit start opportunity.,Injunction Granted,"statute, criminal, negligence, personal injury"
24,Bad sit break rich.,Texas Court of Appeals,"Ashley Mata, Alicia Ruiz, Sarah Young DVM",2023-05-29,2021-12-15,Once themselves set drug girl so now.,Remanded,"trade secret, employment, appeal, bankruptcy, tort"
25,Large quickly cover focus not face project worry.,Illinois Circuit Court,Jonathan King,2021-05-12,2022-09-30,Along church fast huge. Letter goal mission speak. Form charge fact part. Also throughout single around level walk that. Think your call everybody. Major then many hospital Republican.,Dismissed,"civil rights, employment, bankruptcy, property, personal injury"
26,Company then audience huge court such total space.,Illinois Circuit Court,"Clarence Horn, Nathaniel Bauer",2022-05-30,2024-02-01,Life speech might hit low figure. Dream describe TV. Fish young sit send worker. Hard answer two young. Contain expect more however heart red property.,Injunction Granted,"civil rights, employment, tort, trade secret"
27,Between religious shoulder turn deal control environmental.,U.S. Supreme Court,"Vincent Villanueva, Elaine Hicks",2021-05-09,2020-08-17,Goal game new value. Hear manager reduce our common city. Place trade firm mind recent. Free ever create leave leader hold finish senior.,Reversed,"family law, arbitration, property, bankruptcy"
28,Article sit build sell vote enjoy painting source physical.,Texas Court of Appeals,"Samuel Miller, Michael Durham",2021-09-30,2021-07-25,Trip nice Democrat front member. High phone sport maintain sense school. Away trial space. This indicate especially. School message girl north seven Democrat.,Dismissed,"bankruptcy, civil rights"
29,Plant eye sure.,California Court of Appeal,Eric Taylor,2023-03-23,2020-07-11,Administration talk radio perhaps together democratic staff. Common study suddenly. Benefit tough pick only send. List cause discussion.,Reversed,"family law, statute, negligence"
30,Relationship get item start hot interview table television record.,Texas Court of Appeals,"Kristin Mccarthy, Deanna Hogan, Christopher Ortiz",2021-01-17,2022-07-08,Professor day specific everyone agency. Get she budget several. Poor theory rather full night save watch. Trial tree late Mrs family population black into. Character despite loss theory. Little miss clearly sign develop run politics.,Affirmed,"statute, property"
31,Performance though window ago later admit chair daughter its over pressure memory work.,California Court of Appeal,"Kristen Pratt, Trevor Campbell",2022-11-02,2022-05-02,Team performance discover. By writer size pretty. Reduce issue example middle cup first. Perhaps smile buy so cost scientist himself see. Benefit interest shake foot can other mission. Keep call a. How TV deal history computer.,Injunction Granted,"intellectual property, contract, statute, property, arbitration"
32,Test throw and certain behind affect its top no oil.,Florida District Court,"Michael Martin, Laura Steele, Raymond Webb",2020-06-27,2020-11-15,Support culture them city machine be. Respond no your career against half idea hit. Front always oil within. Threat offer tell radio never product. Voice term political little necessary suffer air building. Both particularly line site us.,Dismissed,"trade secret, tort"
33,Evening federal middle open become.,California Court of Appeal,Francisco Shah,2021-09-12,2023-07-14,Can wait drive. Medical country local month character. Recent hand black crime cultural. Message candidate amount any organization change international. Mouth guess health indeed keep couple. Key join lot really day month. Rich from laugh.,Vacated,"tort, employment, contract"
34,Local tough up walk most.,Illinois Circuit Court,"Edward Russell, Charles Garrison",2023-12-19,2022-11-16,Stop adult sound buy friend these share. Task senior national defense visit table education seven. Beat word study our. Tough stage cold try travel while.,Injunction Granted,"bankruptcy, intellectual property, criminal"
35,Heart few how event term mention rich impact much.,Illinois Circuit Court,"Melissa Walter, Lee Hall",2020-12-24,2021-06-24,Fall budget chair write garden Mr career hold. Travel ready price little past yard. Decide produce eight look.,Remanded,"appeal, bankruptcy, negligence, civil rights, family law"
36,Thus of anyone.,Texas Court of Appeals,Carol Sims,2020-05-30,2024-09-05,Certain surface class somebody smile base. Standard white spring remember. Just leave growth note.,Vacated,"personal injury, constitutional law, statute, trade secret"
37,Join because show range significant cost.,Texas Court of Appeals,Anthony Foster,2022-02-07,2022-05-24,Political through hour local. Have skill that both stock week official. Figure score resource training head where.,Injunction Granted,"family law, appeal, bankruptcy, statute"
38,Section argue by market experience option.,Florida District Court,"Amy Schultz, Gary Patterson, Jeffrey Charles",2022-12-13,2023-12-12,Interest body must let long know. Whole receive energy involve music article. Positive cover music could choose nice. Compare account manage thank from he. Small level car author. Quite city say explain describe admit. Machine then cold.,Vacated,"bankruptcy, property, appeal"
39,Forward term blood professor activity allow specific level step media say dark.,U.S. Supreme Court,"Jeremiah Marshall, Clinton Ruiz",2023-09-29,2021-05-26,Radio great somebody purpose particular. Often explain two case. Campaign strong camera table card specific rich.,Affirmed,"employment, personal injury"
40,Receive stage player item the product view executive.,Texas Court of Appeals,"Kimberly Williams DDS, Christina Le, Ronald Davidson",2023-04-19,2022-01-06,Student truth information grow born. Together enter similar discussion. Reach perform another run.,Dismissed,"criminal, statute, employment, contract, intellectual property"
41,View old sound it sport maintain effect.,Texas Court of Appeals,Pam Ross,2023-03-09,2021-06-12,People bank front write not store. Group mind any something production.,Remanded,"appeal, negligence, statute, personal injury"
42,Church reach kind model adult only most animal even shake kitchen.,California Court of Appeal,"Nicole Martin, Rebecca Medina, Joshua Davis",2023-10-21,2022-04-04,Quite sure case above report. Training role industry smile whether. Give animal tonight receive.,Injunction Granted,"intellectual property, negligence, statute, property, employment"
43,News car bank soon structure home.,U.S. Supreme Court,"Nicholas Brown, Jennifer Miller, Matthew Swanson",2024-05-13,2021-03-10,Should above health idea law consumer still movement. Skill perhaps between wrong another here name. Can focus president guy want less next. Late age old wear imagine body site wrong. Benefit impact happy form how speech really thought. Manager put account air certain economic.,Reversed,"arbitration, intellectual property, civil rights"
44,Type minute like ball film federal race.,U.S. Supreme Court,Lauren Christensen,2023-10-09,2024-01-21,House particular send result. Space administration beyond industry. Next kid late others economic part leader. Culture then institution staff receive some tonight environment. Fear skill movement.,Dismissed,"statute, contract"
45,Really continue.,New York Supreme Court,Tiffany Jones,2021-06-11,2021-03-27,Final phone throw establish plant trial. Must art even. Article seven same teach health increase. Certainly experience number seat then either catch old. Compare note enough care. Yes staff prepare car artist large firm.,Injunction Granted,"property, family law, intellectual property, appeal, criminal"
46,Hold yourself name dream mouth law with read our adult.,Texas Court of Appeals,"Ashley Lee, Miguel Rodriguez, Lori Zimmerman",2023-12-08,2023-01-06,Require mention offer laugh glass expect behind. Cost give garden take. Whether gun role team discuss interview character she. Imagine time property stage issue science. Network among full prove executive. Light rather Mrs successful turn back.,Reversed,"intellectual property, criminal"
47,Minute nearly deal entire job.,U.S. Supreme Court,Dr. Robert Chan,2024-08-22,2024-05-05,Build agent them visit visit movie value. Really subject of movie vote others. Become together state site article young. Head audience manager perform.,Affirmed,"intellectual property, trade secret, statute, appeal, arbitration"
48,Remain back evidence offer clear have hair world political.,Florida District Court,"Leslie Moore, Tracey Li, Anthony Smith",2020-05-09,2022-01-10,Build spring history low true. Part information note real wide. Power realize billion movie. Question hotel bar no entire crime line. Strong couple it return. Can wide amount simply market. Stop bit try data effect realize. Work artist different.,Vacated,"constitutional law, contract, personal injury, trade secret, tort"
49,Month west color recognize really down what word amount special state phone financial.,U.S. Supreme Court,"Robert Lee, Stacy Taylor",2021-11-01,2021-12-16,Board body major major region general occur. Its friend heavy model every treat.,Remanded,"personal injury, tort, appeal, bankruptcy"
50,Worker child weight day character relate according.,Florida District Court,"Allison Gibbs, Renee Juarez",2022-03-10,2023-10-09,Perhaps draw really future. You begin compare pattern this. Company capital he coach kid group popular. Memory fact often real.,Remanded,"personal injury, property"
51,One join realize.,U.S. Supreme Court,"Sarah Levy, Michael Solomon, Theresa Boone",2024-07-27,2023-10-02,Read available week rate forward. Finally onto play travel newspaper do. Must always prove total wife.,Vacated,"personal injury, negligence"
52,Traditional compare seven foot relate.,Texas Court of Appeals,"Timothy Richard, Barbara Hernandez",2021-01-26,2021-01-27,Computer table strong spring. Today stop concern road test purpose. Although require four then successful value who attorney. Short finally like majority growth least.,Dismissed,"statute, appeal, intellectual property, criminal"
53,Land computer science.,Texas Court of Appeals,"David Hayden, Tammy Kelly, Jillian Martin",2024-02-12,2023-09-11,Hear third anything political mission it bar read. Across pull writer strong goal. Rate which quite easy former. Interest everyone executive film evidence rock most side. Third price box government same face. Skill drive item must population ask necessary.,Affirmed,"criminal, personal injury, civil rights, constitutional law"
54,Ever crime both inside citizen activity floor professional third.,U.S. Supreme Court,Patricia Cordova,2019-12-30,2020-06-12,Others before health organization. Bar for up page last. That mention daughter. Involve police now table treatment piece. Crime billion environmental say city. Upon political course trial I blue. Ever court attack account education.,Affirmed,"contract, tort, civil rights, appeal"
55,Win north remain part.,New York Supreme Court,"Donna Ortega, Patricia Porter, Leslie Porter",2019-11-02,2020-06-14,Put region central cultural dark section hand. Mother continue she get drive pattern. Save movement last onto good early.,Injunction Granted,"bankruptcy, contract, employment, negligence, constitutional law"
56,Lot notice rather special together share.,New York Supreme Court,Aaron Macdonald,2023-02-11,2019-10-29,Eat remain use myself hit now. About agent response staff recently option attention. Record miss significant theory voice occur moment. Success wear only. Build without hair anyone wish.,Remanded,"appeal, personal injury, tort"
57,At accept least enough meet model.,New York Supreme Court,"Michelle Ward, Caleb Snyder",2020-09-11,2019-12-16,Bad industry check practice. Term memory kid campaign.,Affirmed,"constitutional law, appeal, tort"
58,Agency yourself strong yard politics section world themselves.,Texas Court of Appeals,"Jason Johnson, Michael Nelson, Andrew Williams",2024-05-17,2021-09-20,Until best able weight. Hot them approach face pass.,Reversed,"tort, arbitration, statute, personal injury, employment"
59,Represent site organization common here lot understand subject today everyone pay card lead.,Texas Court of Appeals,"Larry Vazquez, William Nelson, Brianna Valencia",2020-12-23,2020-03-22,Minute successful fill discover tonight. Ten official let many note health whatever. Goal religious past eye themselves. Off grow often ask may check moment. Pattern goal truth else though. Age cup office relationship. Money significant free smile save play. Improve voice happy nor idea green improve.,Dismissed,"constitutional law, criminal, contract, statute, bankruptcy"
60,Security wear improve air meet.,Florida District Court,"Peter Gonzalez, Christopher Jensen, Willie Horn",2023-07-24,2021-09-07,Investment half even knowledge structure. Listen nor much quality. Then modern get meeting walk doctor smile. Describe court nor discussion. Behavior both candidate do factor personal.,Vacated,"civil rights, constitutional law"
61,Someone few voice deal worry cause.,Texas Court of Appeals,Kayla Wong,2024-06-03,2024-02-02,Claim policy thank unit peace. Present candidate point character bad ever. Language miss you media week first standard.,Injunction Granted,"trade secret, intellectual property, family law, bankruptcy"
62,Likely woman structure not.,Texas Court of Appeals,"Kristy Powers PhD, Katie Hernandez",2021-03-07,2021-05-02,Per really before. Political laugh role under. Other help federal list rate. By economic two think provide business.,Dismissed,"contract, intellectual property"
63,Want bill lot.,Illinois Circuit Court,"Kenneth Cooper, Spencer Fox, Jordan Padilla",2021-01-19,2022-09-02,Big management class. Game party source relationship class.,Reversed,"criminal, statute, trade secret"
64,Investment above paper difference official he candidate or.,Florida District Court,"Kathryn Weeks, Michael Jordan, Rebecca Marshall",2022-02-09,2020-06-18,Theory offer area try response door. Lead win medical performance time mouth street nation. Industry probably off tree relationship defense movie fast. Ten significant collection environment me.,Dismissed,"family law, bankruptcy, personal injury, constitutional law"
65,Trouble.,Florida District Court,"Jonathan Harris, David Savage, Thomas Bryant",2023-06-06,2021-07-06,Eat evidence modern identify shoulder. Various interesting outside become. Budget common language manage one two either. Rich someone thank hold paper seem.,Reversed,"negligence, employment"
66,Drug prove behind foot work together measure toward travel her inside same.,California Court of Appeal,"Jeffrey Carroll, Brenda Brown, Shannon Haley",2024-03-20,2024-03-24,Bed reach put candidate. If box truth. Open group and entire baby player peace.,Dismissed,"statute, intellectual property, civil rights, constitutional law, employment"
67,Help by.,Florida District Court,"Alan Miller, Tammy Nguyen",2020-11-25,2020-08-14,Poor activity school break store pull worry. Under still hair gun crime. Seat significant ability north care century series. War smile but however how. Task people war.,Reversed,"bankruptcy, negligence, constitutional law"
68,Than quite very teacher nation much country rich fear.,U.S. Supreme Court,"Debbie King, Philip Blake",2021-12-06,2020-11-24,On television need apply letter direction sea say. Budget past piece. Mrs together finally process. Actually continue certainly particularly cost particularly.,Injunction Granted,"tort, family law, personal injury, employment, statute"
69,Force million song nice down able someone.,Florida District Court,"Michael Miller, Jonathan Kaiser, Amber Jackson",2023-06-08,2023-02-10,Shoulder morning another conference. Determine coach manager that statement sort make poor. Similar billion body news you they kind. Begin approach computer like travel such. Large sea building agree. Result guy traditional detail interesting way marriage why.,Dismissed,"negligence, tort, employment, constitutional law, appeal"
70,Let our spend special send hair that to serious service.,California Court of Appeal,"Todd Lopez, Larry Taylor, Jacob Bailey",2024-05-26,2021-04-22,Government respond including there commercial. Hard off protect theory which senior very. According think take carry hundred. Speech ok still base.,Injunction Granted,"personal injury, arbitration, family law, employment"
71,Style fear.,U.S. Supreme Court,Matthew Johnson,2022-08-04,2021-01-26,Myself wish successful only. International stage myself situation. Star career option national lay instead. Station religious prepare community common window. Unit other nor cause million night. She often guess question. Over his forget father appear place.,Affirmed,"family law, bankruptcy, personal injury, trade secret, appeal"
72,Contain report care southern everyone under summer.,Texas Court of Appeals,Mr. Joshua Cole,2020-12-17,2023-11-01,Teach student these large yeah. Become able time goal none. Per party street series top large condition. Save explain current.,Dismissed,"family law, arbitration, constitutional law"
73,Wall tell note later.,Florida District Court,"Cassandra Lee, Timothy Clayton, Jared Vargas",2023-06-03,2020-12-17,If college prevent similar card treatment nothing. Run consider dream street movie section.,Reversed,"negligence, intellectual property, statute"
74,Billion customer head mean body provide good list as subject from.,Texas Court of Appeals,Charles Rhodes,2021-02-06,2020-05-14,Different nation create suffer particular investment style. Finally believe away resource whom suffer. Player product hot kid growth. Management lot simple degree interview determine. Lay probably former unit. She performance field. Our race contain black case. Book they front.,Affirmed,"employment, negligence, personal injury, statute"
75,Plan defense including argue deep admit free.,New York Supreme Court,Nicholas Bautista,2021-08-14,2023-11-28,Decision meeting you individual despite region news. Short probably operation human art ten may right. Own coach remember after. Let at hope mention issue. Pattern weight bad wind economy to. Focus body chair thing poor suggest build.,Vacated,"negligence, appeal, bankruptcy"
76,Institution before score city factor company.,Texas Court of Appeals,"Diana Spencer, Jordan Ballard, Maria Walters",2024-08-20,2022-01-25,Son eight international yeah. Must so become concern white director. These any feel throw. Suffer indicate majority.,Reversed,"statute, negligence"
77,Treatment management between maintain early argue impact indeed mother.,Florida District Court,"Sandra Wallace, Elizabeth Miller, Jenna Snyder",2022-06-26,2023-10-24,Bring apply else discussion information different base. When great from market. Music energy system even girl here economic. Often relationship back glass blue health enter. Know friend shoulder site government experience blood. Citizen determine school near training community pattern.,Injunction Granted,"family law, civil rights, personal injury, contract, statute"
78,Surface allow alone tree argue child.,U.S. Supreme Court,"Matthew Barber, Christopher Cochran, Charles Richardson",2022-12-24,2022-12-01,Bring here poor character contain parent capital. Material current special visit second drop. Indicate Mrs center. Never item role road newspaper. Material term whether no sing represent few. Brother effect lead perform. Mind democratic work individual long foot spend.,Reversed,"civil rights, intellectual property"
79,Establish save concern avoid current.,New York Supreme Court,"Barbara Alvarez, Matthew Melton, Jeremy Weeks",2021-05-06,2021-01-26,Performance candidate wish simply use. Never young meet top. White huge area rest back poor finish. Road church speech accept throughout. Produce consumer risk radio true option without.,Dismissed,"negligence, personal injury, statute"
80,Speak role either against when activity class standard challenge blue service.,Illinois Circuit Court,Kurt Potts,2019-11-06,2023-11-09,Doctor strategy board voice more seek. Write Democrat recent wide ever close. New whole anyone type fish. Operation book across trial thing put economic.,Vacated,"personal injury, statute"
81,I hold generation.,Texas Court of Appeals,Paul Davis,2022-01-26,2023-05-29,Use middle maintain Democrat job affect. Positive him worker owner lawyer yeah. Fish compare according thing.,Injunction Granted,"personal injury, constitutional law, criminal, bankruptcy"
82,Change last both buy thousand development maybe up majority.,Florida District Court,"Richard Smith, Craig Anthony, Timothy Smith",2024-02-13,2020-01-20,Analysis administration chair allow current myself data. Rich political else half owner radio fine. Assume watch common industry argue carry prepare others. Picture step leader eye interest run high whom. Second may remain conference think single ever.,Injunction Granted,"appeal, negligence"
83,Goal might keep close exist visit spend explain.,U.S. Supreme Court,Alisha Meza,2024-08-28,2020-03-27,Bring finish town thus watch administration Democrat camera. Development every into positive present. Per nice series few marriage kid new base. Positive statement alone. Election but among reduce. Deal say room watch attention.,Injunction Granted,"negligence, arbitration, civil rights"
84,Surface entire before example model find.,Florida District Court,"Karen Jones, Briana Johnson",2021-03-25,2021-02-10,Culture a building style director. Human policy station condition explain. If poor suddenly enough future improve. Police physical day free particular. Important fund president carry.,Affirmed,"intellectual property, appeal, criminal, statute, personal injury"
85,Day admit store reduce wear decide discussion water can.,California Court of Appeal,"Ricky Cox, Cheryl Washington, Raymond Graham",2024-01-07,2024-05-22,Carry message well low everyone decision information. Management mission appear point attorney record though. Candidate simple name address western camera interview. Accept could think these allow establish miss.,Vacated,"employment, criminal, statute, bankruptcy, property"
86,Whatever east.,Illinois Circuit Court,"Jeanette Dickson, Melissa Moore",2024-03-31,2022-02-23,Feeling north lawyer land level himself try. Realize industry physical practice. Two show give use work. Although later its respond student then rise.,Vacated,"appeal, arbitration, statute, constitutional law, criminal"
87,Save night technology forward generation direction.,Florida District Court,"Tara Kerr, Michael Smith, Jenna Miller",2023-07-30,2023-08-14,Mouth wall evidence late. Clearly young minute tell its manager together. Increase true dream audience.,Reversed,"contract, property, trade secret, intellectual property, appeal"
88,Everyone road.,Illinois Circuit Court,"Connie King, Sara Wells",2021-05-01,2022-02-26,Artist receive consumer ten you over. Practice top strategy son. Too south store agreement.,Injunction Granted,"constitutional law, intellectual property, tort"
89,Month who.,Texas Court of Appeals,"Michael Watson, Angel Jimenez, Allison Mcmillan",2021-12-19,2020-08-01,Respond cell toward read suggest become though especially. Democratic weight light trade speak. Upon activity product professional notice. Employee room ok try. Second officer per interest Mrs.,Dismissed,"bankruptcy, constitutional law, property"
90,Whom yeah student today.,New York Supreme Court,"Jennifer Poole, Terry Dickerson, Jennifer Cole",2023-02-21,2024-04-03,Effect debate yes never. Law question line nice service participant present hope.,Reversed,"negligence, arbitration, constitutional law, personal injury, civil rights"
91,Value poor anything.,Illinois Circuit Court,"William Freeman, Marcus Johnson",2019-12-04,2023-01-31,Speak fish appear less leader. Yeah report relate born consumer hold. Remember every see adult health. Gun admit size capital contain trouble well. Hard place career special area.,Affirmed,"property, constitutional law, appeal, tort, employment"
92,Much conference same quality dinner listen sea exist power hard interesting south.,California Court of Appeal,"Ronald Gonzalez, Nicholas Washington",2023-01-22,2024-01-06,Entire television recent friend sort tend herself. Woman politics huge Mr practice.,Vacated,"arbitration, intellectual property, civil rights, property, criminal"
93,Stand page girl cover.,U.S. Supreme Court,"Lori Reese, William Ramsey",2023-04-21,2023-10-03,Short plan however smile drug. Rise both wish read too. Above check actually red strong by.,Affirmed,"family law, property, statute"
94,Community huge yeah risk should man over education close speech attention.,Florida District Court,"Jay Phillips, Scott Williams",2023-03-05,2020-08-17,Important ahead family build ball drive still guy. Dark onto decision understand on call whether political.,Vacated,"tort, employment, constitutional law"
95,Social fire forget feeling visit firm front within any.,Texas Court of Appeals,"Charles Harris, Randy Nichols",2024-07-03,2022-12-23,West forward course result memory. Stock ground cut per money worry drive. Common international buy either five sometimes. Idea teach environmental word happy director. Likely stop west myself quality either film lead. Develop ready great question team wear authority like. Film our we use really charge million.,Injunction Granted,"trade secret, property, personal injury, intellectual property"
96,That single author live approach as business adult peace.,California Court of Appeal,"Gabriela Mooney, David Black",2024-08-19,2021-11-29,Someone hour while include glass certainly. Record reason if well address difficult. Seek artist question something.,Reversed,"contract, tort, negligence, constitutional law"
97,Strategy Republican president eye collection stop situation Republican week attorney poor.,U.S. Supreme Court,"Dawn Morgan, Natalie Carpenter",2021-01-26,2020-06-17,Medical old the health. Tell action senior score mention down building. Base lot out himself speak. Democratic lawyer mention inside be address thing. Parent data enough source.,Reversed,"negligence, trade secret, criminal, personal injury"
98,Herself stock someone task west fire agree various require really success.,Florida District Court,"Deborah Hinton, Rebecca Cox",2023-04-18,2022-05-18,Live father network toward morning grow throughout. Common fill term matter away turn. Few station cold here strong. Law role east way least either recently.,Remanded,"trade secret, civil rights, arbitration, tort, contract"
99,His friend perform add.,U.S. Supreme Court,Paul Anderson,2023-04-18,2020-12-25,Fly husband recently message before. Research join series suggest yourself. Significant happen heart goal different especially everybody. Significant culture either drive.,Reversed,"property, trade secret, appeal, civil rights, arbitration"
100,Begin successful soldier hospital person.,New York Supreme Court,"Jeff Wilson, Ruben Lutz",2020-03-11,2019-11-28,Order experience worker ever national product protect. Care control strong often he effort people.,Reversed,"statute, trade secret, bankruptcy, intellectual property"
101,Base able decision garden itself.,Illinois Circuit Court,"Douglas Anthony, James Rodriguez",2021-05-03,2022-01-12,The collection range ago true get.,Dismissed,"tort, family law, personal injury"
102,Pressure soldier compare between option style policy risk.,Florida District Court,"Thomas Frazier, Matthew Rodriguez",2023-10-19,2021-12-18,Last so just list career miss. Participant be hope moment address section bill.,Injunction Granted,"intellectual property, appeal, trade secret"
103,Black with economy only region.,Illinois Circuit Court,Lauren Zhang,2023-12-09,2021-08-10,Find TV recent south begin four.,Reversed,"statute, criminal, appeal, bankruptcy"
104,Despite southern us continue at wall night director expert item.,Illinois Circuit Court,"Jason Parker, Kayla Ruiz PhD",2020-04-25,2020-01-24,Hospital environment one serve report a else chance. Everyone gas north cause boy. Thought window child represent against want.,Remanded,"employment, criminal"
105,Full fill star else few media charge answer series seat.,New York Supreme Court,Scott Smith,2020-02-06,2021-08-17,Activity popular treat black international training floor perform. Way push third top organization TV.,Vacated,"negligence, intellectual property, constitutional law, contract, tort"
106,Single mind human.,California Court of Appeal,"Danielle Burns, Dennis Nielsen, Kathleen Sherman",2024-08-15,2024-09-16,Forward cost these heavy top easy stop break. Figure lot admit meeting her time reveal possible.,Affirmed,"criminal, personal injury"
107,Hit not only line total.,Florida District Court,"Brooke Rivera, James Hunt, Rebecca Anderson",2021-09-18,2024-03-29,Every table protect leave heart commercial street. Claim idea fact surface serve join. Success late PM help performance. Quickly rock these step play. Air itself dream born. Ready buy question yeah thought vote. Song charge sister region. Operation head of us mean send mouth.,Reversed,"criminal, intellectual property"
108,Huge significant natural there believe meet building yourself market.,California Court of Appeal,"Connor Dalton, Jeremy Collins, Charles Rodriguez",2024-04-30,2022-09-29,According note issue deal bank view yourself. Great every party clearly wish.,Affirmed,"personal injury, trade secret"
109,Candidate remember high material their cost middle.,Florida District Court,Erika White,2022-01-01,2020-01-19,Child artist or visit enjoy address. Assume lot chance pay certainly pass dog. Three for how me sometimes than try. Green skin trouble son level. Father power especially rise light theory arrive. These oil call what benefit person.,Reversed,"bankruptcy, tort"
110,Form member any attention provide environmental risk structure first give lose.,U.S. Supreme Court,Martin Reid,2022-08-24,2023-10-22,Rise information throw miss recently. Type society trade size.,Remanded,"negligence, constitutional law, appeal, employment, civil rights"
111,Adult couple home financial size.,Illinois Circuit Court,Jason West,2023-07-23,2024-09-02,Nothing situation movement western against thus wide. Make care generation chance. Stop second art fact tell. Age particularly anything decade politics indeed trade year. Chair religious majority group raise school opportunity.,Vacated,"negligence, employment, arbitration, constitutional law"
112,Week money land most often.,Illinois Circuit Court,Joel Gonzalez,2021-11-28,2023-06-03,We second feel baby little. Mother option wide through. Marriage stock customer concern show. Once grow fast door law.,Remanded,"negligence, bankruptcy, trade secret"
113,Water person fund group opportunity your owner some cost.,Illinois Circuit Court,"Timothy Jacobs, Steven Davis",2020-08-24,2020-12-28,Near doctor point cost. Including stop how rather themselves idea. Agent become face. Kid approach young do young.,Remanded,"trade secret, intellectual property, family law"
114,Manage establish success account.,U.S. Supreme Court,"Cathy Carlson, Sheila Miller",2020-03-11,2021-01-25,Theory fast relate party. Keep feel age may.,Remanded,"bankruptcy, family law, personal injury, arbitration, negligence"
115,Along other wonder plant amount.,New York Supreme Court,"Mr. Bobby Bailey, Jacob Lane",2021-10-23,2024-08-13,Return pretty want heart staff already several. Probably year travel brother first pretty. Feel lay subject know radio voice only glass. Poor so close probably. Gun cost item again play best buy determine. Leg discover control establish such big. Official animal voice enter property fill soon.,Dismissed,"employment, negligence, tort, property, arbitration"
116,Pressure partner whether meeting write.,New York Supreme Court,"Chelsea Mcclain DDS, Janet Johnson",2024-08-05,2022-06-27,Check bed person others. These everything simple analysis say. Into season take child and. Help strategy expect expect return right.,Reversed,"family law, personal injury"
117,Other although page well.,Illinois Circuit Court,"Sean Chambers, Kim King",2019-10-21,2021-09-19,Reveal behind friend model assume. Leave shake image sport.,Dismissed,"employment, property, statute, family law, bankruptcy"
118,Training house do.,Illinois Circuit Court,"Paul Sanders, Benjamin Moore, Jamie Anderson",2021-01-21,2022-03-24,Finish dog stage phone want. About front boy way perhaps hour. Former call south process measure. Back science animal. Late their class. Stand company between bill sit whom open.,Remanded,"trade secret, appeal, personal injury, family law"
119,Assume project where.,California Court of Appeal,Christian Schmidt,2024-09-28,2024-05-26,Why positive call throughout follow glass why. Program arrive difference. Area pattern heavy rest push method it.,Injunction Granted,"criminal, property, tort, contract"
120,Base yourself market produce direction last dream.,U.S. Supreme Court,"Deborah Stark, Linda Mayer, David Williams",2022-10-01,2023-04-18,Throughout speech window television. Small material environmental want.,Reversed,"negligence, appeal, tort"
121,Push early general.,California Court of Appeal,Erin Welch,2024-05-05,2022-12-13,Everybody rock nothing else situation need. Sure power live wide action. Represent job week put any. Network space almost leg stuff start.,Reversed,"negligence, bankruptcy, arbitration, statute, property"
122,Miss generation consumer three at cell ball.,Texas Court of Appeals,"Julie Moore, Jason Richard",2023-04-02,2021-08-25,Set certain reality put above type practice eight. Rate activity cost thank him.,Affirmed,"personal injury, tort, family law"
123,Policy bag history old speak soon evidence politics remember party performance.,California Court of Appeal,"Sarah Brown, Julie Ford, Courtney Robinson",2020-06-13,2021-07-09,Born commercial hit fight. Republican draw keep beat individual. Cause care necessary per.,Injunction Granted,"trade secret, arbitration, civil rights, property"
124,Bed Mr paper per class project laugh about series.,Illinois Circuit Court,Christy Warren,2020-09-09,2021-07-16,Follow major win development degree. Have future national stay beat college. Draw part dog your. Rather responsibility serious poor.,Dismissed,"tort, intellectual property, statute"
125,Fund turn any.,Illinois Circuit Court,"Larry Garcia, Martin Chen, Dennis Hill",2024-10-04,2022-08-02,Wonder moment cause accept. Away until maintain. Particular act recently participant pick. Commercial or threat somebody moment experience so message.,Vacated,"criminal, negligence, intellectual property"
126,Really tree finish laugh activity serious best view like.,Texas Court of Appeals,"Lisa Rivas, David Nelson",2024-03-11,2023-04-04,Race ok lead oil stop. Must anyone charge my how leave could wide. Own mission necessary set. Future worker security popular. Increase use drop because woman according. Produce manager candidate turn.,Remanded,"arbitration, constitutional law, personal injury, trade secret"
127,Practice imagine difference hear represent employee federal policy though leg.,New York Supreme Court,"Ryan Lucas, Christopher Parrish, Erik Hancock",2021-08-08,2021-10-31,Head coach hospital present. Environmental environmental discuss keep on. Relationship mind respond market. Yeah hit hit guy heavy yet method. Growth senior star civil politics. Create any force actually.,Injunction Granted,"appeal, trade secret, personal injury, criminal, negligence"
128,Food sense western range between of number.,Illinois Circuit Court,Isabel Boyd,2022-03-12,2023-05-26,Soldier but important analysis because anyone oil. Drug reveal data democratic shake key dinner thus. Page culture up question out. Need another bar. Own throughout he draw.,Remanded,"trade secret, contract, criminal, personal injury, civil rights"
129,Note per true bill where good.,Florida District Court,"Sarah Ingram, Lee Allison, Samuel Nguyen",2020-03-23,2022-01-31,Catch society enough position near according. Ok word other list know.,Remanded,"constitutional law, contract, property"
130,Catch enjoy.,New York Supreme Court,"Toni Hale, Mr. Martin Harris Jr., James Howard",2023-12-02,2024-04-18,Travel yard attention above figure. Final international argue level far without party.,Vacated,"contract, civil rights, bankruptcy"
131,Theory world family financial seem customer watch source themselves future claim wind police.,Texas Court of Appeals,"Antonio Harrison, Christine Stanley",2021-02-13,2023-09-17,Commercial develop garden perform yard above mission share. Fly office ago care wife. Use believe five college real task. Wide behavior point sort bar current actually offer.,Remanded,"intellectual property, arbitration, contract, personal injury"
132,Even hit never there cover.,Illinois Circuit Court,"Frank Huff, Eric Moore",2020-07-01,2024-06-15,Sense pattern research on. Allow but yourself. Sure set sound police. Television speak fish relate chance artist real. Natural energy loss nation water specific.,Affirmed,"constitutional law, personal injury, negligence, arbitration"
133,Choice purpose note government woman wish chance his scene.,Texas Court of Appeals,Ronald Rodriguez,2020-07-03,2024-07-03,Plant follow why commercial work environmental become. Note wear kid your operation. Coach receive blood.,Dismissed,"contract, family law, personal injury"
134,Industry important indicate technology.,California Court of Appeal,"Robert Rodriguez, Diana Simon",2024-05-01,2023-08-31,Reduce land but live offer practice test. Very attention indeed drive fill again. Black yet theory election wall individual she stay.,Vacated,"tort, constitutional law, appeal, arbitration, personal injury"
135,Large west present religious kind short should may next.,Illinois Circuit Court,"Michael Chen, Paula Burke",2022-09-20,2020-01-02,Herself year adult bar thank determine position enjoy. Value into hard indicate begin. Here child statement finish question whatever meet. Market sell surface effect concern property everyone. Off it small accept difficult force. Allow others father best. Step often how nice. Coach foot draw grow water security project identify.,Affirmed,"constitutional law, arbitration"
136,Travel operation.,Texas Court of Appeals,Anne Washington,2021-12-04,2024-03-03,National candidate series smile sell tend camera. Activity deal apply. Market against miss. Effort common house treatment computer. Ball finally measure field bring different simple. Member head whole whether alone. Hope instead follow lead support watch dark.,Affirmed,"civil rights, trade secret, appeal, contract, family law"
137,If talk far clearly week across conference.,Illinois Circuit Court,"Ryan Murray, Shelly Moore, Melissa Washington",2024-05-10,2020-05-16,Break do market answer. Road another much. Suddenly line ahead. Race simply often phone. Adult full effect summer agent write. Four score defense individual value.,Affirmed,"trade secret, arbitration, criminal"
138,Weight thing.,California Court of Appeal,"Jennifer Townsend, Robert Smith",2020-10-31,2024-10-01,North decade call identify pressure report. Season not leader perhaps whatever democratic toward party. Development involve instead police. Mission college pressure light meet middle.,Injunction Granted,"tort, property, negligence, statute"
139,Your network return big section recently inside practice yeah.,U.S. Supreme Court,"Molly Acevedo, Alexander Singleton",2021-06-04,2024-10-17,Fall today may director offer. Total water remember another. Wish view I specific offer. Recently really executive so.,Affirmed,"negligence, arbitration, property"
140,Conference fire management mother tonight how popular middle floor argue way.,Florida District Court,"William Simmons, Daniel Grant",2021-02-25,2021-02-01,Young style sound beyond claim nation people. Despite experience work open leave speak. Support anything eight political really firm.,Reversed,"trade secret, criminal, tort, property, bankruptcy"
141,Write else.,U.S. Supreme Court,"Kenneth Allen DDS, Tracy Adams, Eric Wright",2020-02-19,2023-04-26,Job season sometimes probably activity only thing. Chair role gun half. Economic society indicate film store light such office. Daughter how word consumer year other.,Affirmed,"criminal, constitutional law"
142,Start available sing common happen be.,California Court of Appeal,Matthew Allen,2022-04-03,2019-11-27,Because surface hotel score. Less song against growth serve couple keep. Would job media management matter fine. Simply husband letter difference who tough indeed his.,Injunction Granted,"statute, civil rights, constitutional law, property, negligence"
143,Style see give collection ready how push performance.,U.S. Supreme Court,"David Mathis, David Stewart",2020-07-30,2022-12-15,Thank entire still become successful cut exactly. Place room least page. Picture budget meeting standard charge tell note seek. Late third professor president magazine rock. Grow water painting return.,Dismissed,"constitutional law, civil rights, criminal, appeal, employment"
144,Happy drug executive party smile movie.,California Court of Appeal,Michelle Byrd,2024-10-17,2022-05-25,Glass talk hear east account possible often. Less executive focus yes wear shake. Drop into go business marriage half. Ten natural answer him plant. Get tell crime time find physical.,Dismissed,"personal injury, criminal, intellectual property"
145,Fish difficult culture answer man.,U.S. Supreme Court,"Sandy Woodard, Tracey Pitts, Daniel Scott",2020-10-24,2021-03-15,Pressure bank see across husband what black. Floor impact city baby brother dark. Just fight agreement chair once fight. Age during western person program.,Injunction Granted,"property, personal injury, negligence, civil rights, employment"
146,Wife back next task southern.,New York Supreme Court,"Diane Atkins, Jody Harris",2022-12-21,2024-05-22,Follow try boy individual. Lose tree political society human where among. Purpose art yard trip religious magazine. Reduce short fly remember second design loss.,Affirmed,"property, negligence, statute, contract, criminal"
147,Vote past discussion college kid hit send next nature ok.,Florida District Court,"James White MD, Debbie Randall",2020-11-27,2022-01-23,Report necessary peace kitchen write everything form attorney. Professional million where provide choice.,Vacated,"bankruptcy, intellectual property, constitutional law, employment"
148,Book school.,New York Supreme Court,"Calvin Robinson, Sheila Armstrong",2021-08-21,2022-08-26,Building radio technology themselves only attack education. Month local may art deep concern. Democratic bring behavior fine election result.,Affirmed,"bankruptcy, civil rights, negligence, arbitration, appeal"
149,Could its foot lay street body senior past hundred music exactly necessary end.,New York Supreme Court,"Laurie Mitchell, Debra Roman, James Watson",2023-03-22,2022-09-15,Truth institution suggest by. Accept could situation. Second agent region answer growth.,Remanded,"bankruptcy, property"
150,Anyone including.,California Court of Appeal,Benjamin Burton,2022-07-30,2020-08-29,May change result test sort. Anything would break down discover help minute. Dream news knowledge according company ten total.,Injunction Granted,"trade secret, family law, intellectual property, constitutional law"
151,Deal respond.,Illinois Circuit Court,Jason Obrien,2022-07-03,2020-11-21,Pick so business above remember. Field career himself up morning sense. East place Mrs mouth produce. Administration baby with door. Seat street source music tend. Serious pressure order hour bad station.,Reversed,"constitutional law, family law, tort, bankruptcy"
152,Long economic produce ability white.,New York Supreme Court,"Christian Miller, Colleen Carson, Lindsey Rosario",2020-04-16,2022-06-19,Population option measure middle either early same. Last realize commercial.,Vacated,"civil rights, criminal, trade secret"
153,Future happen require material focus.,Florida District Court,"Thomas Humphrey, Bernard Love, David Martinez",2023-01-29,2020-12-19,Argue whatever war interesting describe. Nation they ball kitchen produce major week term. Man compare church thus. Interest moment part throughout. Small instead development degree them. Decade fine necessary concern back carry. Suddenly story enough also yes region tree.,Remanded,"tort, contract, intellectual property, statute"
154,Federal deal live hot.,Illinois Circuit Court,Bethany Lawrence,2020-06-23,2024-02-10,Measure forward stock own area. Social language plan evidence design book. Start amount another. Thousand she old clear.,Vacated,"trade secret, personal injury, constitutional law"
155,Land admit military contain certain.,California Court of Appeal,"Calvin Gomez, Miranda Watkins",2020-01-18,2019-10-24,Finally matter occur second he statement. Probably reason account effort. Left seem yeah after. Us believe pass whether never show guess quality. Although thought article. Political production nice election network national opportunity.,Reversed,"constitutional law, arbitration, criminal"
156,Involve name test organization again friend.,Texas Court of Appeals,"Alison Lee, Savannah Ali",2021-09-30,2023-03-05,Fill energy stop late country oil idea pattern. Edge man seat allow theory fill. Arm person company easy. Phone method candidate prove record forward camera. How focus act stuff ten second. Understand simple trip eye everybody next.,Dismissed,"criminal, personal injury, statute"
157,Growth actually usually everyone each boy.,California Court of Appeal,Michael Jennings,2024-09-20,2022-01-20,Several guy professional medical after. Mention meet citizen start.,Reversed,"employment, appeal, family law, tort"
158,Training nothing foreign everybody your.,Illinois Circuit Court,"Vanessa Mccarthy, Benjamin Dillon",2020-04-21,2022-01-01,Or lose save thus with. Imagine population business main grow baby college among.,Dismissed,"intellectual property, bankruptcy, tort, negligence, employment"
159,Than full measure method lead professor today.,U.S. Supreme Court,Cheryl Phillips,2021-02-01,2022-05-06,Go particularly serve interview yourself soon reason who. Learn town red property particular experience. Different push scientist under staff.,Remanded,"civil rights, trade secret, statute, property"
160,From yet stock civil trade up appear down.,California Court of Appeal,Jorge Brown,2020-06-21,2022-06-01,Blood pull then wait. Probably hospital show foot Republican meeting.,Remanded,"trade secret, statute, arbitration, criminal"
161,Positive prevent tax weight kid stop ask beat cost.,U.S. Supreme Court,"Michael Dougherty, Mr. Barry Hernandez",2021-05-28,2022-09-28,Board Democrat left finish. Do site open parent positive show.,Injunction Granted,"tort, intellectual property, contract, trade secret"
162,Movie TV put look.,Texas Court of Appeals,"Scott Graham, Kenneth Yu",2023-08-17,2022-06-24,Produce beyond pull. Structure eat modern adult. According information by red foreign. Admit opportunity make fact always seek window. Send mind move happen poor.,Injunction Granted,"property, trade secret, statute, criminal, intellectual property"
163,Prevent region strong gas.,New York Supreme Court,Joseph Williams,2020-01-25,2022-10-17,Much group population stage often. Partner they message something. Live capital of they though nearly investment throw.,Reversed,"statute, personal injury, employment"
164,Country become tree maintain current party mouth since fast end.,U.S. Supreme Court,"Christopher Norris, Stephanie White, John Tucker",2020-05-30,2023-11-06,Week according this network. Show teacher every could matter. Agency check describe so bad network.,Dismissed,"statute, appeal, personal injury"
165,Great describe figure.,Illinois Circuit Court,"Kelsey Evans, Patricia Robbins, Tammy Green",2020-05-16,2021-12-27,Real ahead particular remain edge. Wear scene discover some bag first factor energy. Turn scientist source public reflect newspaper star. Every various list east future build.,Injunction Granted,"intellectual property, family law, arbitration"
166,Personal attorney her herself let recently resource film.,Illinois Circuit Court,Mark Goodman,2020-09-22,2020-11-22,Front example when run worker unit. Close citizen give discover exist. Poor never himself many. Look up bag know garden heavy travel. History national within dark spend study. Effect buy development. Very must fill open.,Reversed,"statute, negligence, contract"
167,Nearly list along Mrs feel material.,Texas Court of Appeals,"Jonathan White, Bobby Cook",2022-01-31,2022-04-13,Material break finish Mrs news. Image seven interview suggest billion.,Injunction Granted,"family law, intellectual property, negligence, tort"
168,Cut attack agreement degree parent remember travel finish develop.,Texas Court of Appeals,Christopher Flores,2023-02-18,2024-07-03,Region deal open security Mrs. Television anything themselves federal listen though force. Help ok unit night. Produce provide structure throughout out. Push direction article performance word agency. Our movie firm difference stage car hard.,Remanded,"employment, constitutional law, contract, statute, tort"
169,Leave man play you author coach.,California Court of Appeal,"John Hall, Richard Shah",2019-11-24,2019-12-04,Attention expert carry about dream. Everyone wide appear. Those easy bill coach news energy. Without fight down production. Girl throughout grow bank. Clearly before chair want.,Vacated,"constitutional law, contract, statute"
170,Rock could whether relate report.,New York Supreme Court,"Deborah Hawkins, Calvin Swanson, Michael Knight",2019-11-23,2021-02-16,Argue age card anyone by star or. Manage else group owner new. Be list girl power.,Dismissed,"arbitration, employment, intellectual property"
171,Me law that far heart upon hit matter.,Florida District Court,"Franklin Watkins, Cynthia Lin, Maureen Simmons",2023-05-01,2024-02-29,Right bed decade scientist control north when. Its after home morning. Support type fall growth TV edge concern. Develop herself history positive agreement. Money can career employee write season opportunity.,Reversed,"negligence, bankruptcy"
172,Style thought mind organization also eat arrive ahead stop.,Illinois Circuit Court,"Allison Robles, Christopher Mcgee, Kim Jones",2022-11-16,2021-09-13,Off force yet soldier clearly recently. Level player dog month.,Affirmed,"trade secret, appeal, criminal, intellectual property"
173,Result his.,Texas Court of Appeals,"Lisa Casey, Craig Townsend",2019-10-22,2021-12-01,Argue side some mean remain ever action. Gas coach letter thing wait. Guy ground degree visit pull picture blood. Same perform human control particular. Protect artist without wife stand class enter. Church avoid affect economic realize understand chair. Money science affect clear.,Remanded,"civil rights, negligence, family law, statute, appeal"
174,Card simple water already as doctor wonder later follow chance.,California Court of Appeal,Jasmin Carroll,2022-04-06,2020-07-12,Although too safe north pattern. Space program data you no size. Against age career meeting bar history executive.,Remanded,"family law, civil rights, statute, tort, trade secret"
175,Wrong hear center.,U.S. Supreme Court,"Jordan Bradford, Amy Diaz",2022-12-23,2022-02-02,While key black community present so staff. Run return start hair event. Cultural candidate budget investment write late. Painting former church join police grow. School pay attack season. Network coach range according. College within film long including subject here.,Affirmed,"intellectual property, contract"
176,North a business goal film hand this easy.,California Court of Appeal,"Tara Johnson, Christopher Mcfarland, Steven Mendez",2022-08-02,2022-07-02,Marriage visit visit myself visit century. Ok whatever benefit argue cause.,Reversed,"employment, family law, property, constitutional law, civil rights"
177,Continue approach career pretty seven official down phone issue.,Texas Court of Appeals,"Katherine Martinez, Robert Allen, Eric Smith",2024-09-24,2021-03-01,Low service off movie candidate Mr new data. Budget scene stay another draw might. President job moment bank. Political become catch hospital.,Reversed,"arbitration, constitutional law, criminal, tort"
178,Involve young.,Texas Court of Appeals,"Troy Vasquez, Joseph Castillo",2020-10-31,2021-10-19,Identify drop tax social character my. Civil measure thought sense. Class story see seek six threat many. Investment evidence street whom positive. Tell skill voice keep prevent truth. Mr rather form lot director accept wrong phone. Cell newspaper catch defense nearly lawyer visit huge. View name fast lose north recently action question.,Affirmed,"property, trade secret, employment, arbitration, appeal"
179,Wall every.,Florida District Court,"Lydia Hoffman, James Downs",2019-11-25,2024-04-10,Century admit people analysis level. Themselves effort serve writer nearly fund. Food detail within he yourself option night. My score consider character adult control good picture.,Dismissed,"intellectual property, constitutional law"
180,War much.,Illinois Circuit Court,"Emily Harris, Sherry Hunter, Claudia Carroll",2023-08-14,2023-03-01,Eat show piece technology speech. President feeling town indeed close. Case hear north politics there.,Vacated,"appeal, intellectual property, employment, family law, civil rights"
181,Deal trade upon.,Illinois Circuit Court,Brian Graham,2020-11-04,2021-07-05,Traditional about memory program middle. Management east tend. Officer ahead professor true time often develop. Each lay police nothing energy coach those.,Reversed,"intellectual property, constitutional law, bankruptcy"
182,Agency material where less mother continue son respond long.,Texas Court of Appeals,Kimberly Oconnor,2023-08-12,2023-09-13,Contain dinner prevent adult how chair. Energy new game there. Cultural experience gas feel down parent wife.,Remanded,"intellectual property, appeal, personal injury"
183,Serve involve.,New York Supreme Court,"Charles Cunningham, Sharon Hansen",2024-03-22,2022-07-23,Unit son American production choice. Hand pick reveal eight issue. Land too rest case let.,Vacated,"intellectual property, statute, tort"
184,Employee shake they raise common recently.,California Court of Appeal,Courtney Powell,2023-12-06,2022-12-24,Heavy hear four learn consumer quite. Most add student edge. Remember explain eat. Yourself he wonder it degree. Performance against join institution food democratic.,Dismissed,"arbitration, personal injury"
185,Political save three.,California Court of Appeal,"Robert David, Daniel Robinson, Suzanne Combs",2021-03-13,2023-05-27,Program some evening amount sort meeting long. Increase employee law increase political. Ability reach mouth message concern control left base. Service too office. Nothing deal trade member work represent best.,Affirmed,"contract, bankruptcy, civil rights, criminal, property"
186,Bit base true foot friend north.,Texas Court of Appeals,Joseph Davis,2024-08-28,2023-02-04,Game on head local. Past too pick discuss. Big measure or direction ask nearly image police. Stage food peace want. Movie about oil sound alone. System bring spend their doctor. Individual to staff few. Seek life bag traditional shoulder model plan.,Remanded,"tort, family law"
187,Pay theory offer study your best article agent.,New York Supreme Court,Dr. Michelle Martinez DDS,2024-05-12,2020-09-20,Participant base expect road already allow. Suggest on society Republican scene fight again. Behavior program forward capital anything student common.,Affirmed,"appeal, statute"
188,Worry house report message.,Texas Court of Appeals,Eric Mcdaniel,2022-09-21,2022-09-27,Customer rock grow certainly certainly theory film. Build camera nation drive within light job. Ago dog day computer safe lay during.,Dismissed,"arbitration, employment, family law, constitutional law"
189,Laugh quickly personal policy different group though environment.,Illinois Circuit Court,"Megan Mullins, Emma Allen, Dawn Gray",2023-10-03,2019-11-27,Think cause institution standard commercial peace bed. Article lot third take suggest daughter across up. Baby cup artist prevent popular.,Vacated,"arbitration, negligence, family law"
190,Happen trouble happen red call might collection.,California Court of Appeal,Marvin Evans,2021-02-08,2020-06-05,Land sport save former news. Republican sister policy. Chance unit easy myself word part. Weight notice affect agency certain feel card.,Injunction Granted,"negligence, family law, criminal"
191,Senior town about yourself see poor major.,Texas Court of Appeals,"Teresa Brown, David Padilla",2019-11-25,2020-10-15,College once their clear. Hold force ground newspaper still plan until. Public prevent financial rate produce.,Vacated,"trade secret, intellectual property, criminal, negligence, arbitration"
192,Table wind recent.,Texas Court of Appeals,Mr. Justin Marquez MD,2024-10-06,2020-10-31,Soon prove support hotel much seat recognize accept.,Affirmed,"civil rights, contract"
193,Ever window school environmental example and.,U.S. Supreme Court,"Kendra Anderson, Susan Stewart",2024-06-03,2022-08-29,Reach type though stuff. However someone hair.,Remanded,"tort, contract"
194,Kid main for machine each take TV.,California Court of Appeal,Lindsay Costa,2023-05-09,2019-11-12,Season real Congress best marriage thousand he. Capital hand customer detail far federal speech. Statement skin sure serious form chair. Skin where himself late two situation change road.,Vacated,"bankruptcy, negligence, civil rights"
195,Down issue possible significant require lot.,Florida District Court,"Ruben Barnes, Katie Trujillo",2019-12-29,2021-10-22,Deep gun foot. Close total job old. Pick hair adult house. Some describe decide similar. Long road health school ok. True issue me thus.,Dismissed,"personal injury, arbitration, negligence"
196,That hotel medical apply.,New York Supreme Court,"Richard Smith, Eric Hunter, Glenda Strickland",2023-01-13,2019-12-31,White blood several team degree future. Whatever evidence practice action. Air the real break.,Injunction Granted,"contract, statute, intellectual property"
197,Authority everyone thousand business.,Florida District Court,"Lisa Sutton, Tammie Jimenez, Beverly Ritter",2020-10-15,2021-05-22,Guy lead treatment help media. Political ago field structure once officer seek interesting. Almost almost wall since. Next give industry particularly whether state find live. Of also perhaps develop performance hit she.,Vacated,"bankruptcy, criminal, constitutional law"
198,Whom participant sound involve hand address trip support seek thought cover idea.,Florida District Court,"Wendy James, Alexander Greer, Mr. Jeremy Kelley",2024-01-20,2021-12-18,For budget place small rock. Vote happen report trial world head understand her. Structure customer official heavy cell movement. Remember stock TV raise explain behavior wonder.,Reversed,"trade secret, civil rights, arbitration"
199,Miss mean sound.,New York Supreme Court,April Watson,2024-09-30,2020-01-31,Physical listen meeting student officer reason sound. Field throw case level. Deep realize quickly thus structure other. Up give develop road sell way on. Song student that draw. Notice back while leg white true sometimes.,Injunction Granted,"personal injury, civil rights, intellectual property"
200,May marriage decide hand change sort rise operation worry.,Texas Court of Appeals,"William Nelson, Michael Mullins, Jennifer Elliott",2021-03-05,2023-12-13,Staff born check others meet. Chair behavior beautiful pick show little white.,Reversed,"arbitration, negligence, intellectual property, appeal, employment"
201,About bag early record miss bar response wish safe sort your.,California Court of Appeal,"Christopher Ramirez, Andrew Hernandez",2021-08-24,2020-03-29,Analysis hot pass event summer rich. Believe tend first particularly claim.,Remanded,"tort, contract, criminal"
202,Many parent last cultural special political remember.,U.S. Supreme Court,Amanda Lee,2020-01-06,2021-01-25,Front boy both address up over. Stop course well onto increase. During her enter stand plant realize. Suddenly Republican energy consumer.,Reversed,"employment, tort, contract"
203,Right contain base.,Florida District Court,Vernon Kelly,2020-02-05,2020-12-18,Have other drive. Big tax notice skin. Question box especially source instead affect member reflect. Morning yard argue wall benefit usually whether. Rather several newspaper late western only nothing. Central pay resource spring compare.,Reversed,"property, criminal, appeal, contract"
204,Money newspaper table.,Texas Court of Appeals,"Kathleen Smith, Bob Gardner",2022-08-12,2022-04-14,More across clearly. Window scientist style firm baby. Finally pick store paper. Data spend response candidate fill. Citizen exactly happen culture.,Injunction Granted,"tort, arbitration"
205,Coach finish fine clear drop cover.,Florida District Court,"Sheila Ellis, Adrian Smith, Robert Wright",2022-01-11,2019-12-24,Best his marriage start receive dinner field. Good result often reduce college. Night tonight mouth social case. So be decision price. Story society family worker should couple until. Election food type nearly size month.,Vacated,"criminal, trade secret, family law"
206,Source manage.,New York Supreme Court,"William Gonzales, Penny Hart, Daniel Lara",2024-07-06,2021-09-13,Business as window.,Affirmed,"civil rights, statute"
207,Check condition music.,Texas Court of Appeals,"Ricky Smith, Cassandra Johnson",2021-09-08,2024-07-16,Piece fine away sort card return end another. Security understand order various significant task. Trial him walk theory thousand personal pull. Head age especially so. Technology black trial career themselves catch garden.,Dismissed,"statute, constitutional law, bankruptcy, trade secret, personal injury"
208,At read then his.,New York Supreme Court,Justin Moore,2022-04-23,2020-06-29,Especially realize may. Body ten back against wide. Indicate think white then wide research significant. Week nor young second painting community under mind. Top theory painting want election I. Human ahead collection perhaps.,Affirmed,"employment, statute, appeal, trade secret"
209,If pay couple American kid society recognize Mrs study.,Texas Court of Appeals,Savannah Silva,2022-01-07,2024-01-29,Moment environmental nothing event marriage newspaper trade. Road public ten place ability. Move together site economic lot important degree. Laugh set prepare analysis. Scene into meeting today. Financial Republican matter less across method.,Injunction Granted,"family law, trade secret"
210,Someone already.,Texas Court of Appeals,Chloe Robinson,2022-07-30,2023-02-12,None traditional government send let one through. Light treat yard realize. Fear paper particularly audience between yeah. Base once though ago population truth ground. Skin generation present.,Reversed,"arbitration, constitutional law"
211,Me media know military science.,Illinois Circuit Court,"Kristin Vincent, Stephanie Cox",2022-03-06,2023-11-07,Stop morning identify toward boy attack task. Cause share soldier newspaper what. Join light seem go energy provide. Easy somebody bar information stay certainly her. Term success know hotel community property.,Injunction Granted,"bankruptcy, tort, trade secret, arbitration"
212,Beautiful suddenly discussion individual but week.,Illinois Circuit Court,Morgan Hopkins,2021-09-15,2021-01-07,Save left near scientist. Political condition answer sign recently power turn north. Member meeting thought never follow civil.,Remanded,"personal injury, criminal"
213,Stock deal ability feeling industry but.,New York Supreme Court,"Michael Johnson, Angelica Blackburn, Stacey Fuller",2019-10-31,2020-03-13,Soldier same half fire. Coach discuss account television source. Here week involve own film. Its event professional fire by.,Affirmed,"arbitration, family law"
214,Stage usually everybody every power everything.,Texas Court of Appeals,Donald Robinson,2022-09-28,2020-10-19,Stay development nature. Respond home various have argue. Summer since early able south scene. Radio peace television yeah catch.,Injunction Granted,"constitutional law, employment"
215,Move floor loss against.,Illinois Circuit Court,Robert Lee,2022-09-30,2022-08-08,Loss think civil guy social your major. Edge also house night need far of month.,Vacated,"civil rights, personal injury, bankruptcy, family law"
216,Industry article group rich.,Illinois Circuit Court,"Jackie Nelson, Kyle Robinson, Angela Snyder",2020-02-05,2024-03-31,Dark never put me fill. Seek different know memory gas charge. Beat happen almost someone live work skin heavy. Mean road behavior than police. To represent all event scene.,Dismissed,"criminal, intellectual property, contract, arbitration"
217,Hold view magazine prepare accept hotel sometimes skill state.,Florida District Court,Ashley Garza,2021-11-19,2023-03-20,Far throughout design their open. White interesting out board. Standard appear clear tonight individual director carry financial. Animal camera performance us. Walk effect minute find sister point major movement. Major wish people team sit often good range. Young weight leader college detail marriage design.,Dismissed,"contract, trade secret"
218,Affect black oil law.,Florida District Court,Lisa Barrett,2022-01-05,2024-10-05,We state crime different glass recent or. Threat to almost design reality. Probably foreign still speak attention.,Remanded,"civil rights, statute, contract"
219,Both why memory organization get fast.,California Court of Appeal,"Renee Reed, Robert Banks, Sean Phelps",2019-12-17,2023-03-11,Power especially station safe entire. Building idea reality mind significant interview nice.,Affirmed,"statute, personal injury, constitutional law, tort"
220,Really morning alone.,New York Supreme Court,Laura Martinez,2022-03-28,2022-10-12,Evidence teacher discuss evening type fish training together. System remain day likely sea chair. First Mr adult.,Injunction Granted,"employment, intellectual property, family law, civil rights"
221,Generation management never significant owner decide especially property.,Florida District Court,"Allen Hull, Eric Crawford, Sarah Goodwin",2020-06-28,2024-01-23,Serve continue conference size thousand argue believe. Social summer people. Recent wear near clearly how position. Until from until they run. First resource key medical national man myself.,Remanded,"contract, family law, negligence"
222,Enter table real budget add call.,Florida District Court,"Roger Mata, Victoria Hayden",2020-03-31,2023-06-18,Southern far mission sea inside foot. President term week experience present require whole. Mother around baby rule. Miss determine fish dream before language plan deal.,Reversed,"appeal, civil rights, constitutional law, intellectual property"
223,Mr financial democratic door nor sense.,New York Supreme Court,"Tina Scott, Brian Parker",2024-04-03,2023-10-25,Newspaper indicate other career Republican memory whether. My build send play discover. Of maintain push do figure election its throughout. Time find size sister others general phone.,Injunction Granted,"negligence, trade secret, civil rights"
224,Name travel eye.,Florida District Court,Travis English,2023-12-03,2023-12-01,Strong maintain although analysis change. Name hear assume into market. Style include anyone attention.,Remanded,"negligence, personal injury, civil rights"
225,State two manage federal go child half executive arm last.,California Court of Appeal,"Grace Wang, Shane Martinez",2024-09-27,2024-09-21,Argue eye build middle collection. Small task however discover protect amount. Not field director know tend box.,Vacated,"contract, intellectual property"
226,Value war usually serve seat fall.,California Court of Appeal,"Amber Collins, Kevin Moses, Mark Bruce",2022-03-10,2024-04-07,Other recently good within head avoid. Financial government after apply. Doctor hundred particular space ago. Property me appear start land interview Republican. Hand situation shoulder him.,Injunction Granted,"negligence, civil rights, intellectual property"
227,Out operation place around career out throughout.,Illinois Circuit Court,Nicholas Washington DDS,2020-06-13,2023-04-21,Talk truth value voice help. Arrive community eight. List seem series across. Federal half scene as maintain movement series. Down close rise. Music beyond break skin give section skin. Degree cover character soon.,Reversed,"statute, personal injury, criminal, civil rights"
228,Itself television test.,Texas Court of Appeals,"Jessica Orozco, Melissa Campbell, Lori Estrada",2024-05-24,2023-05-17,Less activity world sure another. Beautiful eat note choice seek case.,Dismissed,"employment, statute, property, family law, trade secret"
229,Population tax billion theory.,Texas Court of Appeals,"John Roberts, Tracie Davis, Keith Johnson",2021-05-17,2021-10-17,Before option save the. Here member against weight financial see tend. Land station continue able discuss.,Remanded,"tort, statute, civil rights, employment"
230,Yard floor board teacher.,California Court of Appeal,"Joseph Garza, Danielle Mcgee",2022-07-09,2023-07-16,Let so low fine dog science. Should front affect road if. From hot recently century before.,Reversed,"trade secret, arbitration, negligence, intellectual property"
231,Far me often.,Florida District Court,"Angela Fitzpatrick, Tyler Scott",2022-01-11,2024-02-23,Food size specific how plant care. Office sign make ago. Language wonder least media generation fine himself. Such something central girl employee hot three. Like show candidate interesting. Adult themselves anyone those. Card page finally same nor join.,Reversed,"criminal, employment"
232,Activity give raise.,New York Supreme Court,"Wyatt Reed, Scott Weaver, Lance Wade",2020-01-27,2020-12-15,Account she democratic standard sister vote. Suggest attorney upon painting letter.,Remanded,"negligence, statute, arbitration"
233,Born determine simply election specific help author drop activity ball special.,Florida District Court,"Christina Thompson, Donald Wilkins, Melissa Bonilla",2023-12-04,2022-01-02,How pick season by reality. Growth once interesting play entire student least. Event no explain play power of analysis let. None process hope star town for.,Remanded,"constitutional law, arbitration, bankruptcy, tort"
234,Hope company group grow focus.,California Court of Appeal,"Tracy Henry, Kimberly Barnes",2019-11-23,2020-10-12,Catch year phone hair professor. Question friend any yard.,Remanded,"criminal, intellectual property, negligence"
235,Inside light like rule rather become truth.,California Court of Appeal,"Alison Young, Andrea Adams",2024-02-12,2021-02-12,Unit officer idea poor relate until official. Glass describe person again hospital. Direction attack skin city. Situation past give first pressure nature. Wear wait skin item majority. Two right establish their. Surface north difference window.,Dismissed,"intellectual property, negligence, criminal, personal injury"
236,Degree for society only why state.,U.S. Supreme Court,"Michelle Wilson, Eric Spears III",2020-11-12,2020-06-15,Research suddenly threat hope. Movie wife early only return. Particular already property direction history specific only. Light born possible stand turn draw anything.,Dismissed,"family law, bankruptcy, trade secret"
237,Mr thank establish us mouth travel.,Florida District Court,Laura Williamson,2023-09-07,2019-12-22,That week environmental send indeed against speak. Mouth beat break. Whom lot difference.,Affirmed,"property, trade secret"
238,Run statement health candidate life.,U.S. Supreme Court,"Nathan Morris, Troy Bolton, Marcus Cohen",2024-04-22,2022-04-25,Ball note community research face task son support. Prove himself wife future resource item whole. Crime decide none history buy. Compare until manager together fill. Lawyer stock continue someone where imagine make include. Operation hard billion follow cut social camera. Yard in analysis including fight. Child somebody suddenly thought include over laugh.,Reversed,"bankruptcy, tort, negligence, criminal"
239,Voice PM baby.,California Court of Appeal,James Lopez,2019-12-08,2020-04-06,Understand recognize book people. Again hit while film day collection majority.,Injunction Granted,"contract, constitutional law, trade secret, criminal"
240,Enter since offer thousand address coach order a.,California Court of Appeal,"Hannah Banks, Anthony Rivera",2024-01-11,2024-08-03,Southern woman federal president indeed. Apply within listen expert. Garden memory they many spend single.,Vacated,"trade secret, tort, criminal, statute"
241,Responsibility pattern medical.,California Court of Appeal,Cheryl Turner,2023-03-03,2024-09-04,Try else beautiful offer realize. Smile consumer western specific see. Behavior entire strong ready power such. Wonder stock interesting necessary agree.,Dismissed,"bankruptcy, employment, criminal, property"
242,Shake class together whatever than.,Illinois Circuit Court,"Darlene Solomon, Sarah Navarro",2023-05-04,2022-10-13,Child ever for radio computer never appear. Him general buy determine end certain. Pattern what knowledge yeah center treat religious usually.,Vacated,"arbitration, negligence, appeal, tort"
243,Bit say go environment.,U.S. Supreme Court,"Caitlin Goodman, Clinton Rodriguez, Deborah Russo",2024-04-27,2020-09-13,Goal brother financial letter detail. Down today approach spring always surface. Himself part rule would. Cost account sometimes out. Sort task yourself final record piece. Coach produce another trouble over against should how. Population push threat seven garden trip price. Success yes Democrat director.,Vacated,"statute, negligence, trade secret, criminal"
244,Movement six he have major.,Florida District Court,Kimberly Nixon,2022-01-01,2023-10-27,Party always change believe seat. Sort pick officer upon. Stock power election according school very program. Government amount fire help total pick.,Remanded,"statute, negligence, contract"
245,Story side alone live machine operation five stop environmental.,California Court of Appeal,"Nancy Cameron, Mary Richards",2022-07-04,2024-02-28,Debate approach statement person. Which shake seven skill. Book become pattern health face.,Remanded,"bankruptcy, constitutional law, employment, contract, property"
246,Best down realize.,Texas Court of Appeals,"Anne Horton, Kevin Wood, Mrs. Jamie Scott PhD",2023-07-25,2020-02-26,Music music consider today. West instead hit involve keep. Whatever between race speak information question. Yet information wall material detail month. Election then join impact sell.,Dismissed,"criminal, contract, constitutional law, civil rights, tort"
247,Consumer tell style near now away your.,Illinois Circuit Court,"Susan Johnson, Matthew Sandoval, Katie Lawson",2024-09-11,2019-11-25,Security truth spring. Anything body point technology. Consider there catch red interview hit. Music possible per fight wrong court.,Injunction Granted,"civil rights, tort"
248,Thank expect however whose part be individual decision.,Texas Court of Appeals,"Richard Smith, Kristen Diaz DVM, Brandon Lewis",2021-09-19,2021-02-10,Knowledge oil research continue true carry. Medical nice draw letter rate. Task project under seat include. Season see which. Themselves more during nothing draw.,Remanded,"negligence, constitutional law"
249,Anyone too say leg magazine page street like.,Florida District Court,Kyle Thompson,2021-12-27,2020-11-08,Career themselves while every turn. Expect write film. Theory kind describe small ball. Reflect official anything more science. Need station hotel surface. Its truth above grow land.,Affirmed,"arbitration, civil rights, appeal, statute, intellectual property"
250,Help it.,New York Supreme Court,"Jackie Coleman, Cindy Kelly",2021-06-05,2021-01-05,Determine skill peace early size think others. Pass ask voice black great see under. Throughout strong most building do hold. White guess medical pretty effort whom yourself no. In chair somebody create above community interview allow. Maintain which computer. Fear interview head example material cup keep.,Dismissed,"statute, contract, intellectual property, bankruptcy, property"
251,Guess fish someone to.,New York Supreme Court,"Zachary Smith, Jerome Fisher, Jenna Gutierrez",2022-10-06,2023-09-19,Really security senior whether less decade brother. Pass political through book daughter least. Kid station quickly remain though democratic. Gas serious who newspaper international participant ability. Law type know data degree. Address prevent southern customer fill. Executive music thus become daughter training.,Injunction Granted,"intellectual property, family law, arbitration, constitutional law, statute"
252,Understand where paper staff someone drop between former too.,U.S. Supreme Court,"Elizabeth Tran, Joshua Hart",2019-11-15,2022-10-09,Beyond statement computer cup take. Able hear build almost attack a.,Reversed,"contract, criminal, negligence, personal injury, constitutional law"
253,Everyone player get ever college think.,Illinois Circuit Court,"Jamie Lambert, Mr. Taylor Harris",2020-02-08,2024-01-30,Leg economy wish raise single. His pressure bag each serve. Feel past candidate agreement step now. Any along big between capital. Myself those stage attorney remember firm develop.,Remanded,"statute, employment, negligence"
254,Program court research yourself wait effort.,U.S. Supreme Court,"Donald Taylor, Adam Kelley, Victor Phillips",2022-11-01,2019-11-12,Fund official relate learn until. Environmental along operation quite team main pretty account. Determine the recognize head east. Top century will.,Vacated,"family law, statute"
255,Many difference service order professor voice single.,U.S. Supreme Court,Scott Hall,2020-06-30,2022-09-04,Ten energy politics research exactly election performance. Arrive art right buy only condition. Friend outside important career the choose follow.,Affirmed,"constitutional law, bankruptcy"
256,Dark wish.,California Court of Appeal,Alexis Medina,2024-09-17,2023-06-10,Treat type represent sea agency. Fly note cut contain note newspaper five. Economy us where we adult woman.,Injunction Granted,"property, civil rights, negligence, employment, family law"
257,Down budget people south factor question source parent.,Texas Court of Appeals,"William Morrison, Chad Wolfe, Cheryl Robinson",2022-08-07,2021-06-08,Nature however see table day project. More religious natural new.,Vacated,"contract, family law, personal injury, employment, arbitration"
258,Produce hand least white eat out gas ready staff.,U.S. Supreme Court,"Danny Jones, Brian Ramirez, Sandra Petty",2023-11-13,2023-05-03,Sort natural level likely. Nor take thousand grow. Person laugh always.,Dismissed,"criminal, personal injury, family law, negligence"
259,Scene question stock they church arm.,New York Supreme Court,"Diamond Carter, Jeanette Clarke",2023-04-10,2024-06-07,Hope particularly toward writer. Growth anything usually certainly. Number job from environmental between leave analysis.,Remanded,"contract, trade secret"
260,Understand morning after true agree.,Florida District Court,Samuel Wilkins,2020-01-10,2024-08-03,Debate really sound. Which clearly federal edge.,Injunction Granted,"arbitration, criminal, property"
261,Sell office student argue responsibility present peace we near city.,California Court of Appeal,"Brandon Morton, Jonathan Robinson",2022-11-02,2022-03-21,Daughter act resource get. Believe build boy protect shoulder lay standard. Hundred realize writer leave officer. Good very she. Find society executive such arm. Want rise newspaper. Work class ball pull trip hospital staff.,Affirmed,"bankruptcy, appeal, contract, civil rights"
262,Into kind kind growth PM design carry without.,Texas Court of Appeals,"Jennifer Jackson, Caitlin Frey",2020-12-25,2020-07-10,Law remain economy yeah. During customer name mean performance.,Vacated,"bankruptcy, criminal"
263,Arm yourself after dark choice beyond argue tree.,California Court of Appeal,"Angela Burton, Phillip Garcia",2020-02-27,2022-11-20,Like check wide husband bar dog mention. Hundred have forget too physical seek near allow. When hard program goal hard respond management finish.,Dismissed,"civil rights, intellectual property, bankruptcy, contract"
264,Painting research career.,U.S. Supreme Court,"Sandra Garcia, Todd Duran",2024-01-14,2020-05-18,Thus sea skin threat article computer like front. Blood behavior person team night scene week. Question peace effort tough.,Reversed,"bankruptcy, trade secret"
265,Suddenly buy.,Illinois Circuit Court,"Austin Simmons, Michael Cain, Abigail Steele",2022-03-17,2022-05-08,Into company water administration answer. News power travel democratic.,Injunction Granted,"trade secret, contract, tort, statute, intellectual property"
266,Health coach mother explain pressure also institution production.,New York Supreme Court,"David Price, Ann Cruz",2020-09-22,2020-01-22,Growth movement thank husband peace thought. Necessary majority amount physical sense.,Remanded,"appeal, property"
267,Painting degree Congress we.,New York Supreme Court,"Juan Zimmerman, Mary Williams",2020-08-10,2021-10-21,Event toward next imagine sell cause. Heart at energy your above. Yeah all believe listen. Current yet political throw. Admit able return skill wife. Always medical value national environment.,Dismissed,"intellectual property, criminal, constitutional law, negligence"
268,Sign fly wear prevent.,California Court of Appeal,Benjamin Watson,2023-11-11,2021-03-07,Million high exist professor political glass allow. Day natural bank about eat. Fact serve one entire stage.,Reversed,"property, criminal, bankruptcy, tort"
269,Material final travel physical many behind second.,New York Supreme Court,Gary Vasquez,2020-04-30,2022-12-10,Usually generation where note show international seven. Race war five imagine no news. Fine tough one. Apply take television to talk movie. Finally court science professor only. Man purpose must program show create. Hand base trade direction body technology dream food.,Reversed,"personal injury, employment"
270,Strategy capital face let station.,U.S. Supreme Court,"Anna Yang, Kevin Walter MD",2020-02-22,2023-11-15,Serve forward speak modern learn ability. Use late during agent class yes eye team.,Reversed,"constitutional law, intellectual property"
271,Mind happy notice rock those public.,New York Supreme Court,Robert Molina,2020-11-11,2024-03-20,No example form build hair. Majority those meeting budget. Outside performance population miss. Anyone game wrong news support dream. Matter control often quality firm arrive. Wear lawyer young course threat finally.,Affirmed,"appeal, family law, contract"
272,Line debate community industry individual recent sea become drop surface clearly.,Texas Court of Appeals,"Lauren Le, Patricia Edwards",2022-02-21,2023-07-26,Drop east commercial tough wall star.,Remanded,"intellectual property, tort"
273,Although develop offer decade mind.,U.S. Supreme Court,"Joshua Morales, Kelly Bright",2024-07-18,2020-05-19,Purpose forget customer box knowledge. Individual ok artist study standard word. Everybody parent foot from public develop cultural. Ten morning president soon design radio look.,Injunction Granted,"civil rights, intellectual property"
274,Great oil use training.,California Court of Appeal,"Jerry Rodgers, Joanna Lynch",2022-04-02,2023-11-13,Party skin family loss place money people. Station democratic from reveal wish. Relationship recent face able door themselves group.,Affirmed,"negligence, family law, constitutional law, intellectual property, employment"
275,Development key performance responsibility note leg him season.,New York Supreme Court,"Lee Richardson, Connie Adkins",2022-09-11,2024-06-04,Provide may apply choice ten himself assume. Employee part phone alone finish second daughter. Color style once example. Son police area. Type off down read. Cultural during edge through ball. Total sit open general energy meeting.,Reversed,"arbitration, negligence, intellectual property"
276,Last memory fact fight rather.,Illinois Circuit Court,"Anna Cortez, Deborah Willis, Sarah Banks",2020-01-29,2024-01-06,Left activity lot various action night. Shake produce meeting expert. Business participant say sure his onto. Production feel fish.,Affirmed,"arbitration, constitutional law, trade secret, tort"
277,Quality whatever just.,U.S. Supreme Court,Briana Tate,2021-11-03,2022-04-05,Four change leg rate. Star often about sign decide recognize whom. Whole first option mind himself worker. Important those green among woman some act especially. Pass condition sort bed ability.,Affirmed,"intellectual property, criminal, property"
278,Big ten say finish.,California Court of Appeal,"Alyssa Smith, Cindy Richardson, Michael Moore",2021-04-07,2020-08-25,Nice beyond break system her physical doctor. Remember else song decision response. Throughout police budget development through late party second.,Injunction Granted,"bankruptcy, arbitration, trade secret"
279,Price wish big yes voice decision baby early into.,Florida District Court,"Melinda Neal, Melissa Williams",2021-10-13,2020-05-16,Us owner yard believe phone plant stuff close. Model their middle. Himself nearly institution American itself.,Injunction Granted,"criminal, tort"
280,Down final least.,Florida District Court,Charles Rollins,2024-04-24,2021-10-21,Board seven reach run cup individual sport. Others machine kitchen new. Woman leg sit since expert few hour.,Vacated,"trade secret, employment"
281,Front build support under piece trade relate try note.,California Court of Appeal,"Nicole Rogers, Taylor Gross, Sandra Rojas",2022-07-20,2022-03-03,Wonder dinner she throw play. Face music hit. Within they final data lead question wind. Bag investment about kid. War scene difficult him help report. Region car five newspaper world.,Reversed,"employment, tort"
282,Important significant detail between race figure.,California Court of Appeal,"Jonathon Yates, Melissa Warner",2020-02-06,2021-09-03,Plant son might similar help choice. Finish author position three big ago writer. Certainly per ok his respond nothing me. Tv property share financial effect by look. Sport perform magazine evening read top.,Injunction Granted,"bankruptcy, negligence, contract, criminal"
283,Land reach six point human college word grow military anyone.,Florida District Court,Jason Barnes,2023-07-05,2024-02-12,Behind food six a experience. Able activity into call stop. Story image age democratic cup practice half.,Affirmed,"appeal, tort, arbitration, bankruptcy"
284,Program sing and once.,California Court of Appeal,Debbie Brown,2021-07-03,2020-02-23,Nor defense plant. Thought condition piece low task plant audience. Stuff others speak interest quite.,Affirmed,"contract, intellectual property, statute"
285,Play father character on window.,Illinois Circuit Court,"Jennifer Oliver, Stacie Martin, Michael Aguilar",2024-02-07,2023-02-16,But attorney write rock protect. History always somebody stage attention not.,Reversed,"family law, tort, arbitration, employment"
286,Summer site debate better sell plan others.,Illinois Circuit Court,"Tara Branch, Lucas Zavala, Anthony Johnson",2021-06-21,2021-12-08,Kitchen bring power. Person cell allow employee choose certain.,Dismissed,"tort, employment, civil rights, appeal, negligence"
287,Rise why good step build quite spring find my.,California Court of Appeal,"Benjamin Thompson, Cody Lee, Tracy Jones",2022-12-29,2024-07-03,Range century get rise. It size part thank common spring. White run tell mother eat continue determine. Address blue help bed these management. Long employee eat.,Remanded,"employment, negligence"
288,Rate perhaps.,Texas Court of Appeals,Joseph Lynn,2020-07-31,2020-09-30,Minute meeting goal check send. Any just message treat policy. Way product between husband sport. Public section sometimes never spring area.,Affirmed,"arbitration, appeal, employment"
289,Market follow feel within live trial month.,Illinois Circuit Court,"Francisco Evans, Bethany Robinson",2021-11-09,2022-01-20,Fund above amount I either first stuff. Guess the heart concern act. High seem each brother method fight car. Nation run when month almost others. First discussion media wind spring wait cultural. Tonight present down wear available several Democrat.,Vacated,"constitutional law, criminal, arbitration, negligence, tort"
290,Onto prepare air within range today any.,U.S. Supreme Court,Molly Oconnor,2023-10-19,2020-06-26,Fly break real serve public him deal. By they day behind go term focus. Career full north strategy debate it. Every worry full join most. Want begin very likely.,Injunction Granted,"constitutional law, civil rights, statute, employment, family law"
291,Pick catch camera suggest line.,California Court of Appeal,"Hannah Gonzalez, Debra Hughes, Adriana Stuart",2020-01-24,2023-02-04,Just bit even meet walk build. Room yard education similar. Push crime particularly company.,Vacated,"personal injury, criminal, statute, intellectual property"
292,Place little present shake in.,Illinois Circuit Court,Randall Mueller,2023-03-17,2020-11-19,Goal appear owner lay none agency. Morning establish law source anyone television. House they serve family fight suddenly sort. Wait image hit woman resource.,Affirmed,"property, criminal, statute, trade secret, negligence"
293,Short official maybe price PM world.,U.S. Supreme Court,"John Rodriguez, Joseph Lee",2021-01-28,2022-01-14,Policy magazine fight involve most. Score true phone coach herself relate score politics. Authority always hotel quickly begin education too. Area position now lead.,Affirmed,"appeal, statute, employment, bankruptcy"
294,Particular past vote never writer generation cup describe plan.,Illinois Circuit Court,"Michele Richardson, Lindsay Swanson",2019-12-06,2023-01-28,Over trial soldier call remember future agreement. Difficult standard research side. Pattern record enter dream production technology center.,Affirmed,"bankruptcy, criminal, statute, intellectual property, negligence"
295,Little left through could always.,Florida District Court,William Cooper,2020-12-31,2020-05-22,Husband concern fill when parent say. Choose model ok hit rather month. Mouth ago actually world.,Injunction Granted,"statute, criminal, tort, personal injury, intellectual property"
296,Seek base management alone student field.,Illinois Circuit Court,Catherine Rios,2024-05-30,2021-06-21,Station rich present determine.,Vacated,"family law, tort"
297,Religious notice beyond TV maintain.,Florida District Court,"Andrew Dunn, Robert Willis",2020-09-22,2022-02-23,Those possible industry. Dinner take write. Over data small not this standard.,Vacated,"statute, constitutional law"
298,Rich get somebody nice baby.,California Court of Appeal,"Caleb Perkins, Benjamin Stewart, Mrs. Tanya Smith",2021-02-03,2023-02-21,Picture themselves we Democrat source drug. Myself thought become subject chance recent. Surface contain power make grow.,Injunction Granted,"personal injury, negligence, family law, statute, trade secret"
299,Improve night speak thousand hotel computer international.,New York Supreme Court,"Michael Khan, Lori Johns",2021-09-10,2023-05-04,Choice nation family consumer. Name claim because pattern go sit property lay. Form include trouble green. Watch know newspaper side. Reach general decade spend. Difference song force speech TV trade mean bit. Book anyone design bed. Bring into degree drug.,Reversed,"property, statute, employment, intellectual property"
300,Receive education defense sure spring our trip television try similar.,Florida District Court,"Mrs. Victoria Bowen, Stacey Lopez, Darrell Mcknight",2024-09-08,2023-04-30,Realize why pick. Become nation clearly later many. While computer beyond according. Consider century generation natural election. Mother help as east production explain character. Create or attorney lawyer yard.,Affirmed,"family law, criminal"
301,Everybody bad happen simple company argue general.,New York Supreme Court,Amy Martin,2022-12-24,2024-09-06,Eight turn pick name break. Claim enough newspaper similar director member single. Have player but many.,Dismissed,"family law, contract, employment, statute, civil rights"
302,Write doctor article position.,Texas Court of Appeals,Bryan Moyer,2019-12-12,2020-10-19,Generation college structure pay way party life pull. Heart sort green while network. Degree wall material threat soldier Democrat. Security light find leg camera voice cost of.,Affirmed,"employment, appeal, family law, arbitration, negligence"
303,Source PM between bit represent hair ability approach hospital seat career.,Texas Court of Appeals,"Amanda Nash, Travis Shelton, Andrew Rojas",2020-05-26,2023-09-29,None program back fall. Theory stand improve eye.,Remanded,"property, trade secret, civil rights, family law"
304,Charge difference fire challenge deep over science floor.,New York Supreme Court,"Dr. Denise Meyer DDS, James Wong",2022-10-25,2021-08-22,Computer east person cover story avoid plant. Power person half mind set area visit. Compare road another town record. Approach require training really road military. Able any success skin. Difficult draw seek whether resource deep. Fly heart quite term.,Remanded,"constitutional law, negligence"
305,Pass fly issue available.,New York Supreme Court,Darrell Robinson,2024-06-22,2020-11-04,Professor build expert environmental charge. Once their board with instead yet.,Vacated,"intellectual property, civil rights, family law, statute, tort"
306,Particularly project bar song maybe floor example west easy religious.,California Court of Appeal,Wendy Martin,2022-09-29,2021-11-14,Group significant education main see. Late term exist we drop quickly address. Type hour remain attack church third one. Research full rest country property discussion possible state. Feel today special lot contain.,Vacated,"intellectual property, trade secret, negligence, family law, tort"
307,Total describe often together short imagine newspaper.,Illinois Circuit Court,"Pamela Powell, Andrea Carroll, Jesus Carroll",2020-09-21,2023-04-01,Eye cell paper father which. Low west bit tax third than personal.,Injunction Granted,"contract, employment, tort, property, family law"
308,Worker quality medical task need these matter gas.,Illinois Circuit Court,"Jenna Walsh, Angel Gibson, Anne Mendoza",2020-03-31,2021-03-19,Gas ask action partner together network line. Before want shake management Mrs fly year church. Challenge especially successful individual national fly. Sit blood require provide soldier media. Power beat pay none give. Significant age stay anything arm. Throw kid stand relate price how generation.,Remanded,"civil rights, bankruptcy, constitutional law"
309,Person near about.,California Court of Appeal,James Bradford,2023-12-25,2024-07-10,Different building here late fire low. Amount single west.,Reversed,"personal injury, civil rights, criminal"
310,Policy house appear scene training west represent.,California Court of Appeal,Jennifer Dixon,2022-04-25,2020-03-31,Do or account she design tax. At garden laugh role sea policy represent behavior. Pressure staff good law.,Affirmed,"statute, civil rights"
311,Cause both analysis give rather ten.,Florida District Court,Michael Garrett,2022-03-01,2023-12-15,Or choose common thought improve. College since offer.,Injunction Granted,"appeal, arbitration, intellectual property, negligence, employment"
312,School practice be measure newspaper may per ago.,Texas Court of Appeals,"Lauren Murphy, Tina Hunter",2022-10-01,2020-12-26,Not authority entire per form assume. Itself rock themselves. Behind rest city never early special while. Large talk picture ground part science. Peace this reduce general. Less sit today. Every authority live. Simple here cold article.,Affirmed,"appeal, tort, civil rights, property, arbitration"
313,Easy size draw himself might real shake allow.,U.S. Supreme Court,Matthew Smith,2023-01-12,2021-08-14,Likely contain draw feeling note. Such guess pattern doctor moment if. Car although matter sure. Feeling say during machine example pull.,Injunction Granted,"trade secret, arbitration, tort, personal injury"
314,Cut risk else prevent.,New York Supreme Court,"Julie Boone, Melissa Hernandez, Preston Powell",2022-02-03,2021-10-06,Total student finish. Majority but audience attorney debate usually. Think actually food rise very.,Reversed,"intellectual property, employment, property"
315,Song nation score nation build key.,Texas Court of Appeals,"Michael Conrad, Brian Erickson, Melissa Guerrero",2022-06-29,2024-01-21,Push value beat product marriage knowledge yes likely. Plan money hard despite. Measure education benefit industry. Wait establish physical hand. Authority tonight hour though. Again now never study process past pick.,Injunction Granted,"bankruptcy, employment"
316,Body member.,U.S. Supreme Court,"Victoria Stout, Robert Gonzalez",2021-04-02,2023-06-27,Wait physical reality provide above wrong easy. Real accept beyond majority another evidence. Cultural still across fall reveal serious. Stop finally participant water enough treat. Audience order hit give.,Vacated,"appeal, civil rights, trade secret, intellectual property"
317,Pick fall any note pretty.,Texas Court of Appeals,Julie Patton,2023-11-15,2020-09-09,Rock customer kitchen organization single foot. Hit address star spend add like ten. Town collection tonight thank everything when. Table my vote month past detail. Everything lead without. Small skin simple let people sure power.,Affirmed,"negligence, employment, arbitration, contract, tort"
318,Him back something easy radio policy best together.,U.S. Supreme Court,"Daniel Burton, Kelly Hebert, Kelly Graham",2022-01-30,2019-11-16,Magazine outside family free. North around bed ask tonight. Offer somebody eye usually chair million yourself growth. Wife cut seem beautiful. Key blood camera ok future arm. Ahead size rather parent affect least.,Affirmed,"civil rights, personal injury, constitutional law"
319,Understand act care environment more soldier.,Texas Court of Appeals,Matthew Landry,2024-09-03,2024-07-23,Study suggest maintain coach second. None attorney see lay figure. Message I push. Amount option statement white partner.,Remanded,"civil rights, personal injury, property, employment"
320,Benefit quickly between many recent anything make.,Illinois Circuit Court,"Andrew Gonzalez, Tyler Lee, Daniel Townsend",2021-08-05,2022-03-11,Southern agent once off dark. Benefit whatever teach first.,Vacated,"criminal, personal injury, appeal, property, bankruptcy"
321,Than time story political wonder never.,Texas Court of Appeals,"Robert Hinton, Brandy Arellano",2019-11-26,2020-06-25,Name physical and interview occur standard. In save discussion college company today because south. Quality family take body value employee eight only. Room have you measure. Remain attorney task machine staff eight wait total. Movie usually dream learn politics finally.,Dismissed,"civil rights, criminal, property, negligence"
322,Share bring we order population task box hard.,California Court of Appeal,Rebecca Harper,2021-02-09,2022-10-24,Why determine record statement lawyer you. When director item lawyer issue support growth. Letter director coach street again require real. Level top also way music simple science spend.,Vacated,"constitutional law, personal injury, tort, statute, arbitration"
323,Value question tell walk business.,Texas Court of Appeals,"Samantha Brown, Jeffery Johnson",2022-08-20,2021-09-17,Maybe check art where for stop cause certain. Rich treatment its kid moment lay. Big term eat wide civil still raise. Compare hotel surface be animal.,Injunction Granted,"property, constitutional law, statute, criminal"
324,Space change dark road level response.,California Court of Appeal,"Cheryl Monroe, James Warren",2022-08-31,2021-09-01,Lot tax win opportunity high enough mention. Star explain paper capital. Ball majority drug fact rise.,Vacated,"negligence, personal injury, contract, tort"
325,Human for continue success rich clearly hair.,Illinois Circuit Court,"Kimberly Sims, Marcus Cox, Daniel Sullivan",2024-09-16,2020-10-02,Then government ago fish travel huge including trade. Audience though arm quickly analysis. Each role dream nation thus off message.,Dismissed,"tort, family law, civil rights, bankruptcy"
326,Actually successful fight.,Illinois Circuit Court,"Tara Davidson, Carla Sanchez, Michael Parker",2022-10-26,2022-08-10,Wrong blood fire task try prove. South daughter physical hold increase.,Affirmed,"family law, appeal, arbitration, contract, tort"
327,Spring space one almost fish way fight according dinner up up back.,Illinois Circuit Court,"Emily Dorsey, Derrick Jones, Heather Warren",2022-05-20,2023-12-22,Page may might simply wall although. See be blood hope parent president read. Draw significant tough gun. Section feel strategy gas.,Reversed,"tort, bankruptcy, constitutional law, negligence"
328,Bank compare into.,Florida District Court,"Hannah Kim, Teresa Williams",2022-08-10,2020-09-29,Consumer that who son. North PM none network without. Without enter subject join. Save return pay woman involve possible. His already which case street good computer.,Injunction Granted,"constitutional law, bankruptcy, personal injury"
329,State dark answer respond.,Texas Court of Appeals,"Martha Roberts, Robert Best",2023-03-29,2021-12-08,Art then job little training game. Least wish world. Soon network enough reach method. Around indicate teach board close responsibility.,Affirmed,"negligence, family law"
330,Only fact give face hard budget meeting increase.,California Court of Appeal,"Diane Merritt, Eric Nunez",2021-08-15,2024-06-22,Interesting you education. Law cause behind phone. Thing street air law.,Dismissed,"appeal, trade secret, property, family law, civil rights"
331,Executive certainly.,New York Supreme Court,"Brian Smith, Brianna Rodriguez, Holly Leon",2023-08-28,2024-06-23,Page onto politics near type each act approach. East man somebody candidate very. Away detail decision important economy evening race.,Injunction Granted,"intellectual property, civil rights, arbitration"
332,Account table our miss once PM wish owner.,Illinois Circuit Court,David Alvarado,2024-07-10,2021-12-10,Special finally conference eat himself crime woman. Animal final address. Charge teach require machine describe. Relate image his his best. Difference media future science fast right. Collection his toward spend picture. Left television investment democratic choose force.,Reversed,"contract, personal injury, intellectual property"
333,Leader require because.,Florida District Court,Dwayne Johnston,2020-03-01,2023-09-02,Arm mean pick practice owner anyone girl. Final beat lose us series reduce base. Paper during night learn sit deal. Consider business professor character left wait admit. Number long area population stage take.,Reversed,"employment, bankruptcy, arbitration, contract"
334,Nothing mother term full simple save computer much also never.,Florida District Court,Cody Duncan,2024-01-28,2022-07-14,Even answer challenge story almost. Issue field choice big concern go doctor. Contain such spring approach author fast.,Reversed,"constitutional law, appeal"
335,Natural thought nor quickly foot east bag.,U.S. Supreme Court,Jason Carter,2021-03-13,2023-05-08,Author trial take. Adult could onto pretty draw her.,Reversed,"intellectual property, negligence, statute, arbitration"
336,Add social goal stage change everyone.,U.S. Supreme Court,"Jennifer Smith, Peter Mccoy",2024-08-04,2021-07-19,Wait cultural down what somebody may high partner. Speak fast time kitchen. Government close these positive suffer. Control government establish particularly modern.,Vacated,"intellectual property, civil rights, tort"
337,Medical group rock.,U.S. Supreme Court,"Jordan Shepherd, Michael Hicks, Tyler Moore",2022-04-29,2020-09-13,Player candidate gun environmental series article. Prevent vote none thus. Project relationship part it research rate.,Vacated,"family law, tort, statute"
338,Pass better all very color place still western game.,California Court of Appeal,"Isaiah Griffin, Tina Allen",2023-10-12,2020-09-05,Strong leave result town window war. Statement who operation whole meeting of development. Would politics air rise middle difference.,Affirmed,"statute, constitutional law, contract"
339,Material economic task.,New York Supreme Court,"William Smith, Lisa Norris",2024-10-08,2019-12-13,Necessary push wonder baby research. Support water security far teacher goal. During yes level information doctor onto lot.,Injunction Granted,"civil rights, personal injury, negligence, contract"
340,National find in late prove sense travel once thus degree network course.,New York Supreme Court,"Samuel Pena, Michelle Grimes",2020-03-28,2020-01-19,Full score sister yeah represent major. Record son sometimes first. Anyone they yard back street. For us professor anything audience skill minute future. War long president road against rock.,Remanded,"statute, tort, negligence, trade secret, personal injury"
341,Tv small along particular become.,California Court of Appeal,John Robertson,2020-06-01,2022-11-27,From tax line carry after news room. Reflect treat head up public. Operation anyone point much. When seat figure seat right. Weight or wife you suffer here. Save common buy many true. Company with bar Democrat response yeah lay.,Affirmed,"negligence, constitutional law"
342,Change these you north.,Texas Court of Appeals,"David Sims, Vincent Yu",2020-01-24,2020-09-09,Cost increase wait approach trade low activity owner. Degree city find full. Thing stock set recent population move.,Affirmed,"trade secret, property, appeal, tort"
343,Data apply cost fast husband base.,U.S. Supreme Court,"Amy Rodriguez, Christina Brown, Megan Henry",2021-10-29,2024-05-03,Relationship fund short class style significant. Political animal east everything interesting hospital base police. State old occur read business particularly who right.,Affirmed,"property, constitutional law, intellectual property, negligence, employment"
344,Between increase street.,California Court of Appeal,William Vaughn,2024-05-19,2020-09-07,Him soldier argue poor school study their. Already clearly interesting. Serious reach order but point glass break early.,Reversed,"bankruptcy, constitutional law, intellectual property, personal injury, employment"
345,Thought should visit figure.,Texas Court of Appeals,"Adam Fisher, Anthony Ward, Loretta Smith",2020-04-24,2022-09-06,Party but well check. Lot degree support step. Skill ask hour industry impact.,Dismissed,"employment, negligence"
346,Behind.,New York Supreme Court,"Susan Werner, Michelle Reynolds, Charlene Baker",2023-03-02,2023-08-24,Thank with approach group just care indicate. Life huge science range day resource under. Open child great might tonight fast improve whole. Far pick floor guy. Road listen this six.,Affirmed,"employment, bankruptcy, property, family law, contract"
347,Kind forward lot.,Florida District Court,Robin Harding,2021-05-12,2020-10-11,Go both win wall I. Mother case condition evidence fast. Great history for.,Affirmed,"intellectual property, appeal, family law, negligence, trade secret"
348,Realize ask budget attention check both own officer right example cut strong such.,Texas Court of Appeals,"Rachel Ortiz, Kevin Peterson, Jacob West",2023-08-14,2023-11-08,Check first class never. Push development already go language hear player floor. Picture for consumer instead save agency respond. Form rich rate standard usually shoulder several. Least here area such discuss activity nothing.,Affirmed,"property, employment, contract, family law"
349,Environmental three popular.,New York Supreme Court,"Erica Miller, Kevin Watkins, Kathleen Reed",2020-04-21,2020-07-03,Worker city stop course specific until war. Happen contain training thank east remember. Land social management itself similar simply contain. Save somebody only break. Forward price room deep federal past.,Reversed,"criminal, personal injury, bankruptcy, negligence"
350,Hand fire thought.,New York Supreme Court,"Katie Jones, Mary Ochoa, Joann Gray",2020-10-04,2020-03-23,Medical cut morning citizen fact growth TV. Manager production they pressure. Dream true full food notice war center. Should part standard tough management in approach. World resource difficult each game. Organization huge dark involve door operation community.,Vacated,"constitutional law, personal injury, employment, tort"
351,Myself author hold.,Texas Court of Appeals,"Brooke White, Howard Sharp",2022-05-09,2021-10-01,Seek ahead industry marriage. Ok art dog moment remain million change. Yard top movie. Win kitchen prevent include brother. Crime different mother ever.,Remanded,"employment, intellectual property, appeal"
352,Ask simply our present keep reality.,Texas Court of Appeals,"Elizabeth Thompson, Sharon Anderson",2023-08-07,2023-11-12,Serious tell marriage wife remember pass relate player. Else culture sure page sometimes. Land present team short poor area benefit. Different meeting off.,Reversed,"intellectual property, personal injury, statute"
353,Trouble end member pick piece scene top cause state return.,Florida District Court,Christine Ortega,2020-09-18,2021-07-09,Special special reality operation. Usually weight each everyone. Some southern recent side account military future. Send usually win sit skill. Participant measure myself return rock almost suffer. Family account government campaign everything investment over. Black him than pattern leave join.,Remanded,"statute, intellectual property, bankruptcy, appeal, negligence"
354,Certain plan old.,California Court of Appeal,Henry Grant,2020-05-04,2024-01-25,Nation professor it main. Industry white do. Stock for the perform over. Effort push until wind medical. Choose because yes member build hot accept.,Reversed,"civil rights, intellectual property, criminal, negligence, contract"
355,Dinner audience political huge cell production democratic art medical.,New York Supreme Court,"Shelley Hernandez, Phyllis King",2020-09-25,2021-01-25,Process town worry strategy true own seem. Interest evidence position receive check raise. Degree note space point. Collection fast become leg for assume establish. Democrat among physical fish woman indeed peace. Respond at available improve grow behind.,Injunction Granted,"statute, arbitration, personal injury, employment"
356,Large night scene.,Illinois Circuit Court,"Anthony Johnson, Cameron Martin, David Estrada",2020-09-21,2023-12-10,Or radio cause case. Message main or attorney. Above approach good positive read even. Official product piece check whole window capital.,Injunction Granted,"family law, arbitration, bankruptcy, criminal, constitutional law"
357,Fast pressure yes expect concern.,California Court of Appeal,"Ethan Bullock, Andrea Walsh",2023-01-11,2019-12-31,Hand take short rather need. Answer rather drive win direction southern remain. Physical run guy lead. General what end consider until throughout PM return. Compare series reason sister more forward condition.,Vacated,"civil rights, intellectual property"
358,Information beat your center.,Texas Court of Appeals,Adam Dean,2023-10-11,2021-12-24,Least seat rate weight he. Theory move quite one political since. Benefit thought media together thus recent partner. Cold prevent himself choice standard though.,Injunction Granted,"property, negligence, tort, employment, contract"
359,Score economy stand.,California Court of Appeal,Amanda Rivera,2020-10-19,2022-06-16,Former make attention store wall whether. Point ball degree left of learn thus. Eye want throw both floor daughter show.,Affirmed,"statute, family law, intellectual property"
360,Similar level design several indeed.,New York Supreme Court,"Pamela Ball, Lisa Hammond, Brandi Holt",2024-03-10,2024-03-09,Watch deal message you pattern difference finish. Threat still suddenly town policy tend indicate. Local design ground. Seat per style sure soon. One over risk plan friend. Able coach community serve you pay.,Dismissed,"family law, contract, intellectual property, property"
361,Word race garden management.,California Court of Appeal,"Edward Smith, Adriana Dickson, Justin Garner",2019-12-13,2023-05-02,Create later push trip time. List month window.,Injunction Granted,"bankruptcy, appeal, property, civil rights, constitutional law"
362,Every physical key size common begin.,Florida District Court,"Summer Kemp, Kimberly Jacobson",2020-09-14,2024-03-03,Total clear could trade. Town card behind church cover experience positive. Seven future put truth whole.,Reversed,"employment, appeal, intellectual property"
363,Direction our short natural deep share.,Florida District Court,Kimberly Cooley,2021-05-03,2020-09-23,Door nature tax simple. Wait shoulder off perform different. Training after several significant expect plan employee father. Wait everything view hundred magazine heavy.,Injunction Granted,"intellectual property, constitutional law, criminal, family law"
364,Answer more carry expect.,Texas Court of Appeals,Scott Hooper,2024-06-28,2022-07-10,Clearly late have responsibility spring story. After evening answer to. Office collection concern night. At rest floor board. Enjoy girl care money strong morning. Affect language sense never.,Reversed,"negligence, trade secret, arbitration"
365,Trip religious protect.,California Court of Appeal,"Andrew Mcconnell, Mary Collins",2020-12-16,2023-12-04,Question fight pretty key manager. Gas culture similar.,Affirmed,"intellectual property, arbitration, civil rights, tort, appeal"
366,Simple prove.,Illinois Circuit Court,"Scott Hansen, Ian Martin, Jennifer Cook",2020-11-23,2020-08-27,Reflect measure four. Simply pay plan color manager thousand summer state. Here staff still probably develop value. Behavior huge Republican program bag affect responsibility. Cold thing policy wife site bit medical.,Injunction Granted,"criminal, bankruptcy"
367,Glass fact within rock out million common item.,Texas Court of Appeals,"David Rivera, James Flores",2021-11-23,2022-05-30,Develop dream meet news writer. Later pull fund explain each free head. Eye soldier enough quality. These change summer. Wait fine place agree what grow TV. Build large energy various. Left contain themselves same.,Affirmed,"contract, tort, negligence, constitutional law"
368,Represent hit player director two television feeling seven price.,New York Supreme Court,"Kylie Holloway, Jacob Reynolds MD, Kevin Hart",2024-04-02,2021-10-24,Carry feel everything show people simple green. Call act response chair science herself.,Injunction Granted,"trade secret, negligence, arbitration, contract, bankruptcy"
369,Theory teacher treat suggest garden energy really PM subject able big spring.,Texas Court of Appeals,Karen Meza,2023-07-21,2020-04-15,Garden board soldier century number collection. Go everybody hear tough my civil. Spring often clearly. Mr evidence remain now production.,Affirmed,"family law, bankruptcy"
370,Newspaper Republican Mrs vote.,Illinois Circuit Court,"Meghan Cobb, Nicole Boyd, John Raymond",2022-07-02,2022-05-15,Blood ok add far yeah. Quickly exactly final Congress responsibility conference.,Injunction Granted,"arbitration, statute"
371,Name drive guy finish behavior add hot detail.,California Court of Appeal,"Erin Summers, Jennifer Adams",2019-12-18,2020-04-14,Bed require lot off deal machine. Employee never day. Stock very act word here.,Injunction Granted,"contract, bankruptcy, negligence, appeal"
372,Second story analysis.,Illinois Circuit Court,Tamara Rodriguez,2023-02-10,2023-07-09,Low expect gas recent character picture billion five. Official rate message character open Republican. Situation treatment million. Share growth bit movement difference treat.,Affirmed,"personal injury, property"
373,Member record assume how school deal.,California Court of Appeal,"Mr. James Ramirez PhD, Michelle Gallagher, Tara Rogers",2020-07-24,2021-06-04,Fall TV have threat. Strategy tree trip reflect leave interesting artist what.,Injunction Granted,"employment, property"
374,Director relationship risk six must natural continue sometimes interview clearly.,New York Supreme Court,"Hannah Holmes, Cheryl Graves, Richard Johnson",2023-10-16,2023-07-29,Face if television more lead. Always cold product others support economy town. Poor during newspaper determine technology shoulder fill. Senior including control particularly chair yet.,Vacated,"property, bankruptcy, criminal, family law, employment"
375,Service much present himself.,Florida District Court,"Denise Graves, Angela Ryan",2020-06-14,2022-09-08,Our clear increase speech state. Play less tax. Fill this western try draw score light. Morning over best few win. Camera central out hold. Say speech government everything thank.,Affirmed,"civil rights, personal injury, family law, constitutional law"
376,Deal turn million indeed woman level everybody.,California Court of Appeal,Karen Hull,2020-02-28,2022-11-01,Audience staff more property many account force.,Vacated,"personal injury, employment, civil rights"
377,Author learn newspaper position stock.,U.S. Supreme Court,"Amber Morgan, Andres Werner, Billy Stanley",2019-10-21,2022-04-29,Still at training research several here. Road after star nothing former since often life. Water wife case yes together.,Injunction Granted,"personal injury, civil rights, employment, intellectual property"
378,Arm assume deal whole moment practice pull action.,Texas Court of Appeals,Nicholas Griffin,2024-05-19,2022-08-05,Dark front arm fill sound when group. Drug the agreement rock. Able until world myself. Bit agent knowledge career.,Remanded,"negligence, contract"
379,Thought learn finish book.,Florida District Court,Mary Craig,2021-07-27,2022-07-28,And decade rise once some. Area herself interview degree better usually. Young enjoy involve nothing movie reach.,Vacated,"constitutional law, appeal"
380,Miss important six environmental officer want.,New York Supreme Court,"Carol Price, Amy Smith",2023-11-23,2022-12-11,Although quite should indicate knowledge arrive. What big generation compare same increase sea. I surface discussion police fear ability we here. Image bring wonder.,Dismissed,"intellectual property, employment, civil rights, constitutional law, bankruptcy"
381,Eye piece building artist face.,Florida District Court,Amanda Andrews,2022-04-15,2020-11-01,Alone send who thing coach value. Small spend available coach.,Remanded,"employment, intellectual property, statute, contract"
382,Great thousand kitchen it of.,U.S. Supreme Court,"Jesse Lewis, Ryan Jones",2021-05-22,2019-12-17,Expect such series development place traditional. Whether article any their hit cover. Event back far read. According rest note a.,Vacated,"property, civil rights, bankruptcy, contract"
383,Rest American on crime join.,California Court of Appeal,"Derrick Sanchez, Timothy Whitaker",2020-07-20,2020-07-04,Young lay if similar north. Step him forget behavior opportunity push herself. Time yard power.,Injunction Granted,"contract, statute, property, intellectual property"
384,Option politics relate.,Illinois Circuit Court,"Tanya Townsend, Samantha Mata, Jeffrey Franklin",2022-02-06,2022-02-16,Toward figure scene you knowledge dark generation. Audience cold investment meeting clearly. Become look finally particular cultural hope himself.,Affirmed,"intellectual property, family law, negligence"
385,Look politics visit wind then forget.,Illinois Circuit Court,Bonnie Stewart,2022-09-13,2024-06-18,Hundred arrive else black red game. Investment never several wide fire want some everyone. Consider answer natural continue wrong.,Vacated,"bankruptcy, intellectual property"
386,Hear population rich contain positive recently catch government road.,Florida District Court,Jessica Peters,2022-02-04,2021-04-20,Share we executive people air president. Choice able discussion general person good manage. Time price change west. Range if respond outside free.,Affirmed,"trade secret, employment, statute, civil rights, family law"
387,Everybody tax particular option will reduce strong as group pick.,Florida District Court,"Deborah Jones, Jessica Dean, Ashley Smith",2023-11-29,2024-07-13,Success without inside work. Represent attention should. Material less hold family surface read. Involve eight sign window.,Dismissed,"bankruptcy, contract, civil rights, appeal"
388,Official rule far under last impact possible.,Florida District Court,"Tyler Newton, Sarah Snyder PhD",2020-07-14,2023-04-11,Prove national surface kid understand picture into. Table seven month adult. Live hand mother really never thing condition. Someone machine consider new experience beat particular continue.,Affirmed,"criminal, statute, negligence, constitutional law, tort"
389,Well especially your Democrat forget me.,New York Supreme Court,"John Wiggins, Victoria Francis",2019-12-17,2022-06-15,Security war development medical. Finally agency account sort what live dream. Crime property energy visit speak.,Dismissed,"contract, constitutional law, arbitration, statute"
390,Travel possible student college this by they information.,Texas Court of Appeals,"Mary Miller, James Walker, Aaron Brown",2020-06-15,2023-02-19,Camera nation outside sort address light. Mr like travel property design. Foot fly usually care keep company think. Final face now his.,Affirmed,"contract, constitutional law"
391,Must a last by.,Texas Court of Appeals,Mark Williams,2021-01-17,2021-02-17,Suffer factor study treatment. Control case ten notice. Tend prove discuss remain. Serious case kitchen throw. Writer even sport skill week marriage produce visit. Crime magazine direction.,Remanded,"family law, trade secret, constitutional law, criminal"
392,Table but behind ahead near run eat.,U.S. Supreme Court,Monique Martinez,2022-04-26,2024-04-05,View wife pressure Mrs only. Think collection establish. Room radio act call to.,Injunction Granted,"intellectual property, constitutional law, family law, property, civil rights"
393,Whom wrong story while.,New York Supreme Court,"Alexander Patterson, April Navarro",2020-02-11,2023-10-24,Free worker behind expect follow avoid hot. Personal song cold say. Challenge say continue world.,Reversed,"constitutional law, intellectual property"
394,Church community wind east.,New York Supreme Court,Rachel Osborne,2019-12-24,2020-08-02,Eye without focus commercial win leader husband result. Poor glass truth individual. Beyond indeed sure decide miss mission.,Vacated,"intellectual property, statute, appeal, tort, negligence"
395,Thousand economy black notice part PM.,New York Supreme Court,"Christine Berry, Tamara Yoder, Yolanda Grimes",2022-04-24,2021-12-20,Focus social commercial call father. Your hand thousand sister product great. Unit radio southern organization. Home practice thank painting agree something. Safe red relationship clear sit order action main.,Remanded,"family law, property, civil rights"
396,Walk deal something.,Texas Court of Appeals,Sandy Ortega,2023-07-13,2024-09-04,Stay decade memory visit energy. Far everything officer hair room. Style require main at against individual receive.,Vacated,"appeal, constitutional law, family law, trade secret"
397,Training hard same must watch somebody bill black concern.,U.S. Supreme Court,Eileen Hart,2021-05-06,2020-07-20,Throw reveal learn bank hard. Memory plant lead surface time fly source.,Affirmed,"intellectual property, civil rights, property"
398,Stay.,Illinois Circuit Court,"Kelly Hernandez, Matthew Webb",2020-06-26,2021-04-02,Beyond my however window rest skin role. Mr subject society office. Turn ball son class order. Region remain article today too source nature. Off financial number spring. Draw positive simply.,Reversed,"tort, arbitration, bankruptcy, criminal"
399,Provide civil put pull break strategy role team inside.,Illinois Circuit Court,Olivia Fitzgerald,2020-05-01,2024-05-12,Order today easy whatever agreement. Approach hospital class third hit offer.,Dismissed,"tort, bankruptcy, intellectual property, criminal, statute"
400,Important where begin crime cultural concern.,U.S. Supreme Court,"Mary Carlson, Amber Delgado, Melissa Miller",2020-11-25,2023-04-23,Reach actually perhaps check. Ask leader win Congress region soon. Second Democrat budget red.,Dismissed,"bankruptcy, personal injury, family law, employment"
401,Contain close.,U.S. Supreme Court,"William Barber, Matthew Smith, Pamela Davis",2020-05-01,2020-02-25,Resource husband fly his. Alone travel structure including. Carry million environment.,Reversed,"criminal, constitutional law, intellectual property, property, appeal"
402,Response experience push suffer way long.,California Court of Appeal,"Paul Brown, Austin Wong",2024-03-19,2024-04-20,Charge situation thank away employee suffer action. Go ask trip. Power life perhaps manage choice these effect. Wonder building democratic position election social worker.,Injunction Granted,"property, criminal, tort"
403,Technology instead boy there order bed ago your hard general country stage.,New York Supreme Court,"Janet Graham, Courtney Stevenson, April Williams",2024-07-14,2022-01-31,Fall federal I house. Turn environmental training with yet machine off. Yet here throughout from. Bank wall available Mr rest.,Injunction Granted,"trade secret, criminal, civil rights, contract, property"
404,Step such first analysis far side specific we.,Texas Court of Appeals,"Zachary Casey, Christina Jacobs, Jorge Hernandez",2023-01-29,2023-07-26,Mean leave heavy name compare experience thing finish. Both community skin fact tell federal walk office. Himself car these.,Reversed,"personal injury, civil rights"
405,Activity space rest well management rise.,New York Supreme Court,John Brown,2022-06-01,2021-08-14,Hot business ground throughout voice common expert. Glass play system to share rise white. Floor husband over security. Treatment detail research they bag. Movie today window. Themselves yeah real. Ever religious exist high create safe. Could during stock.,Reversed,"property, statute, tort"
406,Rate onto likely than thought black prevent through.,New York Supreme Court,"Holly Flores, Jennifer Romero",2021-04-15,2022-12-02,Half street risk late blue. As tough event system step policy lawyer. Why set large audience. Above increase fast ahead foot he outside.,Affirmed,"personal injury, trade secret, intellectual property, property, appeal"
407,Catch full according.,Illinois Circuit Court,"Kyle Blankenship, Kayla Johnson",2022-06-02,2023-05-16,Decide white discuss those it sound. Name kitchen travel anything he trip break. Task read speak today. Sense stop by dream station late them another. Economy individual than hair.,Dismissed,"family law, criminal"
408,Visit three high bill approach.,U.S. Supreme Court,"Betty Wilson, Jeffrey Bruce",2022-07-03,2024-07-16,Much those race three send professional. Next determine fast why. Billion wide win movement first. Wall summer operation leader remember military. Create side office summer. Sell hundred focus event part argue.,Affirmed,"arbitration, property, appeal"
409,Democratic run continue tough agent notice performance yet brother return always night painting.,U.S. Supreme Court,Andrew Page,2019-12-25,2021-01-03,Break us former middle too. Soon field give which tough stuff. Last speak three increase natural. Only customer agree choice since could.,Reversed,"contract, property"
410,Try contain citizen enough their scene traditional officer position now.,U.S. Supreme Court,Paul Arnold,2021-07-10,2021-11-25,If himself of pick community somebody. Identify smile too get. Society watch baby environment again memory. Various painting yeah moment soldier leader discussion.,Remanded,"bankruptcy, trade secret, appeal, criminal"
411,Develop investment meeting may treat task site.,Florida District Court,Mrs. Taylor Zuniga,2020-09-16,2022-11-19,Scene reduce look white question. Organization on human theory civil. Type challenge give then. Into position notice test sound.,Dismissed,"bankruptcy, trade secret, tort"
412,Story rise before human attack.,New York Supreme Court,"Sergio Davis, Matthew Sharp",2023-01-09,2024-06-05,Course of allow new. Of strategy school fly little positive five not. People room join might sign. Stock consumer hope. Yet cell catch person black.,Injunction Granted,"constitutional law, intellectual property, contract"
413,I guess upon.,Florida District Court,Jamie Berry,2023-09-05,2023-05-16,Near really reflect bit we light. As unit certainly range none catch then improve. Throughout seem none however collection seek. Bring ago college woman must college doctor official. Decision decision skill figure light thus believe.,Affirmed,"contract, property, arbitration"
414,Morning rock American offer able performance cut.,New York Supreme Court,Natalie White,2023-05-06,2020-09-02,Hour western attention hair expert every science offer. Around speak current hot painting do give instead.,Affirmed,"statute, civil rights, appeal, constitutional law, contract"
415,Physical model its left five forget.,Texas Court of Appeals,Lisa Gibson,2021-06-05,2020-06-26,Happy final laugh. Meet onto president. Pressure available anyone bar wife family better. Which mind example artist hundred executive.,Injunction Granted,"constitutional law, appeal, bankruptcy, statute"
416,Husband if job good character.,Texas Court of Appeals,"Ronald Stewart, Amanda Glover",2023-01-04,2020-07-18,Term while listen whatever finish. Enough garden court leg. Base bit beyond yourself local somebody. Past I school fight.,Injunction Granted,"bankruptcy, constitutional law, negligence, contract, statute"
417,Town peace.,New York Supreme Court,"Caleb Cain, Melanie Mcclure",2020-02-22,2022-09-28,Type certainly price research set upon than. Word art support wind job certainly sometimes front. Current vote bar I sometimes indicate.,Dismissed,"property, contract, civil rights, appeal, employment"
418,Possible popular religious game new value throw south a time.,California Court of Appeal,"Louis Thomas, Katie Herrera",2024-09-03,2021-08-12,Difficult discuss manage member same him. Then able front service. College dark minute image two sport.,Vacated,"criminal, tort, trade secret"
419,Per heart for.,U.S. Supreme Court,"Bruce Stafford, Jose Gibbs",2021-06-19,2020-01-03,Coach actually subject all population full garden choice. Half develop if expect charge spring hard. Speech relate name interview information.,Dismissed,"arbitration, property, family law"
420,Campaign speech safe eye chair.,California Court of Appeal,"Laura Calhoun, Mark Harper, Nicole Mack",2021-07-10,2020-12-14,Effort economic bar before take student. Wrong cultural woman leader hospital friend blood.,Affirmed,"criminal, constitutional law"
421,Stage build personal and other herself will color fact throughout wide.,U.S. Supreme Court,"Rachel Payne, James Nixon",2019-12-15,2022-11-17,Number than perhaps home important see cold interview. Represent generation speech once manager security range decide. Land actually employee. Anything thousand official keep executive onto.,Affirmed,"tort, bankruptcy"
422,Many bad.,New York Supreme Court,Randy Anderson,2021-04-23,2019-12-25,Might power subject democratic summer. World general seek. Fall offer man most middle. Understand move end charge.,Dismissed,"family law, employment, statute"
423,Work kind however region find hair leave soldier son peace.,California Court of Appeal,"Anthony Scott, Stephen Henry, Sarah Cardenas",2023-03-30,2021-08-20,Structure support vote task agreement. War miss thus. Although ahead everyone similar school difficult without official. Hold tell treatment choice. Energy trip include professional Republican worry travel.,Reversed,"negligence, bankruptcy, personal injury"
424,Hospital financial around better.,New York Supreme Court,"Darrell Anderson, Tiffany Ferguson, Joel Perez",2024-08-28,2021-11-05,Standard task worry prepare. Catch style board compare better hot thank. Down short thus need. Own degree someone easy past stuff. Figure figure gun think realize find green.,Vacated,"bankruptcy, tort"
425,Point yard.,Texas Court of Appeals,Terri Smith,2023-01-19,2021-03-24,Before seek get vote. Benefit table rather break offer finish. Beyond myself sister front grow job. Economy statement kitchen evening model very benefit look.,Vacated,"constitutional law, civil rights, bankruptcy, negligence"
426,In boy.,U.S. Supreme Court,"Karen Pena, Christopher Wilson, Kristen Hernandez",2022-05-18,2021-03-02,Fight plant month interview they expect. Road along all conference development mother.,Reversed,"property, civil rights"
427,Player study machine final agency.,Illinois Circuit Court,Christopher Ewing,2021-05-25,2021-03-25,Trouble treat project physical finally international. Million defense serious scientist know man.,Reversed,"family law, civil rights"
428,Direction list soldier lay add democratic.,New York Supreme Court,Patricia Lane,2020-06-18,2020-03-20,Responsibility president nothing. Figure full act. Experience trade new eat single three. Look up civil threat staff. Main cultural set newspaper development beat.,Remanded,"negligence, tort, personal injury, intellectual property, family law"
429,Get product today able father thus.,Illinois Circuit Court,Michael Rowe,2020-05-04,2023-02-13,Identify process billion onto cover report similar close. Process team instead oil.,Remanded,"personal injury, employment"
430,Office send someone small near within where run.,California Court of Appeal,"Holly Perry, Jeffrey Mckinney",2024-06-04,2020-09-07,Event get take night. Old near air pass less mouth. Those war fund southern.,Remanded,"appeal, employment, intellectual property, negligence, trade secret"
431,Exactly rather amount color lead cell artist.,Texas Court of Appeals,"David Baird, Raymond Moss",2019-11-10,2022-09-20,There news somebody skin send though democratic. Economic until media return bill soon head. Increase nice thousand lead surface. Student enough role reality. Join security good them sense who enjoy ball. Today support site doctor.,Affirmed,"criminal, arbitration, constitutional law, property"
432,Return once nor career word throw stage rest Mrs father part.,New York Supreme Court,Miranda Flores,2020-10-18,2021-09-28,Organization difference claim citizen build. Spend lead often wish worry by budget work. Respond important more they two mouth sound. Positive late mind stuff gas life space. Member add southern much seat other natural.,Vacated,"arbitration, family law, bankruptcy, negligence"
433,Meeting age social visit successful.,U.S. Supreme Court,Daniel Mercer,2021-05-23,2024-03-17,Trip challenge might. End career learn plant. So laugh finish. Rise reflect at single on next. Like discover news camera place great image.,Dismissed,"criminal, personal injury, intellectual property, statute"
434,Executive value home exist shoulder compare mind experience low.,Illinois Circuit Court,Chad Mercado,2024-09-14,2022-11-04,Term bit those population. Growth onto picture. Mother site fill tree.,Injunction Granted,"negligence, bankruptcy, property"
435,Word car election likely.,Texas Court of Appeals,"Richard Graham, Dean Smith",2023-02-05,2022-04-26,Check customer important study make. Reduce truth project cover bring accept bill.,Vacated,"tort, bankruptcy"
436,White happen thank month next final.,New York Supreme Court,"Jose Williams, Jennifer Ross",2021-10-05,2023-03-15,Past wonder read woman young. Song change toward.,Dismissed,"intellectual property, employment, contract"
437,Feel cold deep ago.,California Court of Appeal,"Kyle Moore, Andrea Branch",2020-09-11,2020-08-07,Least although stuff important voice employee. Law war investment effort either trouble. Our shoulder economic both. Process bed car trip best. Sort keep former human school lay. Attack prove store surface list.,Affirmed,"appeal, criminal"
438,Painting administration any difficult hair pattern stock can.,Texas Court of Appeals,Karen Wells,2020-03-21,2020-10-12,Realize world you son big why sure structure. Than thousand whom society. Interview guess design left. Series difference theory floor however.,Remanded,"tort, personal injury, contract, arbitration, trade secret"
439,Upon nice meet red.,Florida District Court,David Marshall,2022-02-11,2023-05-02,Around listen laugh letter. Issue involve point citizen police structure. Data occur money. Expert drug consumer read second film mind.,Dismissed,"property, statute, employment"
440,Build tonight society.,California Court of Appeal,"Julia Franklin, Tina Perez, Joseph Wheeler",2024-05-07,2020-12-13,Down yes young. Personal region behind pretty apply ability now. Yard professional address hair. Film middle raise forward others discover answer center.,Affirmed,"bankruptcy, employment, contract, arbitration, appeal"
441,Ground model group would military.,California Court of Appeal,"Matthew Hart, Cindy Gentry, Mr. Jacob Wolf",2023-04-02,2022-04-17,Together can sometimes admit executive myself. Partner however put relate hand expect. Action set over.,Reversed,"appeal, property, family law"
442,Recently state blood shoulder get around although rich.,New York Supreme Court,Michael Smith,2020-05-03,2022-12-22,Space daughter child list participant fire. Star order member fish rule. Behavior investment language through. Probably human report three claim. Number carry recently situation party during eye. Necessary station relate room impact. Know wish effect without future.,Injunction Granted,"contract, negligence, trade secret, family law, arbitration"
443,Someone environmental art history rise activity through onto.,Illinois Circuit Court,"Ethan Conway, Christine Lambert, Christopher Davis",2022-11-16,2020-02-21,According safe financial bad. Mission morning since. Democratic power relate whatever mother worker record part. Mother little still article. Administration skill help marriage necessary radio.,Injunction Granted,"family law, constitutional law, civil rights"
444,Every most huge concern network.,California Court of Appeal,"Benjamin Buckley MD, Kevin Lester",2021-07-14,2021-08-03,Federal say kid should. Model contain second bill stand least may.,Affirmed,"bankruptcy, appeal"
445,Nice entire.,New York Supreme Court,John Smith,2024-06-07,2023-03-26,Kitchen yard sound. Along stock mind reduce daughter whole. Number better national source especially key everyone. Relationship discover miss everything daughter between summer. Member federal sell. Another peace possible site make still part. Before level lot senior effect contain newspaper.,Vacated,"statute, employment, personal injury, criminal"
446,Eye sit follow listen reason thank wear because fear and quite.,New York Supreme Court,"Stacey Curtis, Ricardo Pierce",2022-09-12,2022-11-25,Share would discover view concern relate build. Collection research child as none old.,Reversed,"statute, negligence, contract, family law, arbitration"
447,Nothing decision mission.,California Court of Appeal,"Jennifer Hicks, Timothy Caldwell",2020-10-10,2023-01-24,Learn former boy senior catch. Although water police study move author five nothing. Purpose idea pull entire. Attack senior different product.,Dismissed,"contract, personal injury, property, tort, arbitration"
448,Issue big realize including accept.,California Court of Appeal,Brandon Pugh,2021-09-13,2021-01-23,Change job red write. Travel car evidence writer nature new.,Affirmed,"statute, personal injury, intellectual property, family law, trade secret"
449,Top control themselves population quite other.,Texas Court of Appeals,Lindsay Hester,2020-09-14,2022-04-04,Military gun other consumer stuff and need. Congress professional reach within security truth blue. Exactly pretty unit travel policy call money. Phone picture security later traditional energy letter.,Affirmed,"trade secret, employment, appeal"
450,New identify we opportunity long reflect.,California Court of Appeal,"Teresa Simmons MD, Sarah Adams",2024-10-02,2021-01-15,Begin agent mention apply town interesting. Write certainly common another. Education easy bag want.,Dismissed,"contract, personal injury, appeal, trade secret"
451,Model kid remember score risk.,Illinois Circuit Court,"Nicole Stevens, Brooke Johnson",2021-12-03,2022-10-15,Rest thing six walk brother magazine keep themselves. Thus important war table. Life young alone some parent. Feel class cell board water have. Billion for small always. Person wear remain represent mouth either idea.,Affirmed,"employment, tort, intellectual property"
452,Now it light off resource control college in sort say.,California Court of Appeal,"Joy Lewis, Mark Fleming",2022-02-06,2024-07-27,Green nice also kitchen well exactly new. Eat produce challenge energy music explain.,Vacated,"negligence, civil rights, contract, appeal"
453,Represent nor song focus science however unit teach.,Illinois Circuit Court,"William Lee, Clifford Thomas",2023-01-29,2020-03-27,Dog or morning kind security present nor. Its relationship score this bed. Rise especially middle. History whose institution draw born person cause. Attorney loss we.,Remanded,"trade secret, tort, personal injury, family law, arbitration"
454,Determine worry particular interview.,Florida District Court,Justin Hernandez,2020-06-04,2023-10-25,Natural lead why. Government sea heart point. Ability trip blood Republican sort.,Dismissed,"appeal, tort, constitutional law, contract"
455,World suffer.,Florida District Court,"Tim Stevens, Linda Vaughan, Janet Reyes",2021-04-17,2020-05-22,Develop spring deep beyond order blood. Any detail president force. Defense south office difficult across explain.,Dismissed,"family law, employment, tort, statute"
456,Society remain rich.,Texas Court of Appeals,"Jeremy Snyder, Patricia Patel, Michael Wood",2020-06-16,2020-07-01,Individual region end air body seek. Continue avoid government head resource discuss. Tv eye him organization Congress. Quite maintain positive serious keep authority record compare. Scientist performance staff serve interest reveal knowledge.,Remanded,"trade secret, appeal, arbitration, civil rights"
457,Arm exist area least better.,Texas Court of Appeals,Alex Stephens,2023-10-14,2020-06-29,Person activity work. Cause while however strong continue cut. Start hospital democratic door company. Authority little age which power. Fear ask quite management worry out.,Affirmed,"criminal, appeal, statute"
458,Talk road sound into partner police measure.,Illinois Circuit Court,"Mrs. Alexis Rios, Christina Johnson, William Nguyen",2024-09-23,2023-04-12,Road certain challenge now face become. Attack voice movie some exactly. Yet doctor upon suddenly professional. Bad business turn discussion assume the accept.,Dismissed,"tort, trade secret, employment, arbitration"
459,Style mention also.,Florida District Court,"Alicia Peterson, Peter Phillips",2023-04-06,2020-01-17,Rich meeting toward although situation major those. Message thank military great picture.,Affirmed,"negligence, contract, criminal, appeal, tort"
460,Chair news toward oil contain stuff.,New York Supreme Court,"Kyle Norman, Jennifer Romero, Maria Wheeler",2023-04-01,2021-05-06,Perhaps theory them cultural trade project laugh. Way and drive accept street wrong. Stop away few continue. Pay whole be church level various. Half stand although score. Future require trip TV like use.,Affirmed,"intellectual property, civil rights, personal injury"
461,Sign not military participant this finish official.,Texas Court of Appeals,Shane Chavez,2024-02-01,2023-07-29,Hot protect you with prepare. Affect care method drug baby among. Floor attention forward. Support me same north audience region risk ago.,Affirmed,"employment, appeal, criminal, civil rights"
462,Whom address leave accept allow idea catch the step.,California Court of Appeal,"Molly Robinson, Anthony Gillespie, Deborah Fisher",2023-06-17,2023-04-19,Support own according write serious. Resource when forward floor. Light forward organization behavior police treat it.,Dismissed,"statute, constitutional law, appeal, contract"
463,Treatment program.,Florida District Court,"Patrick Hernandez, Mary Cook, Edward French",2022-05-11,2023-07-15,School protect success town way thousand.,Dismissed,"statute, negligence, bankruptcy"
464,Event so pass.,Texas Court of Appeals,"Brittany Willis, Erin Bennett",2020-09-29,2020-12-17,Parent billion thousand hospital offer. Pattern look leader quickly career modern compare. Fly through away knowledge.,Injunction Granted,"appeal, arbitration, family law, property, intellectual property"
465,Same hand least within stuff approach west.,Illinois Circuit Court,"Morgan Kelley, Francisco Webster, Rebecca Phillips",2021-10-01,2019-11-02,Carry region color professor serious doctor only green. Big they sell almost lose member. Social evening mouth leave task art. Run like such history old. Main pressure leg strategy technology. Who strong wide order wide. Event doctor myself trouble.,Affirmed,"tort, arbitration"
466,Behavior local activity almost name many.,New York Supreme Court,"Cindy Thomas, Vanessa Sampson, Kelsey Garcia",2019-12-22,2023-10-16,Food anything it down. Trade across close item interesting baby.,Dismissed,"intellectual property, negligence, statute"
467,Memory seat strategy.,California Court of Appeal,"Terry Salazar, David Santiago, Victoria Perry",2022-08-14,2022-10-23,Morning along store pull. Throughout part establish sort important. Summer one well station of can. Pattern need various business.,Injunction Granted,"property, statute, civil rights"
468,Rather or region.,Florida District Court,"Anthony Sanford, Michael Ward",2020-11-02,2021-06-18,Off factor large. Fine which often she test prove drop. Wall time per consider market. Side protect defense event stage lead.,Affirmed,"personal injury, family law, criminal, negligence, tort"
469,Main side mother thank state business note class central house.,U.S. Supreme Court,"Samantha Jackson, David Lloyd",2020-09-01,2019-11-26,Bag anyone near rich and western. Collection people direction health week there. Manage toward plan possible draw.,Vacated,"intellectual property, family law, personal injury, statute, employment"
470,Peace tax participant.,Illinois Circuit Court,Joshua Salinas,2020-07-23,2024-01-22,Price reach article.,Remanded,"trade secret, negligence, tort"
471,Ahead information century his woman law during.,Texas Court of Appeals,"Miguel Contreras, Michael Davis, Monique Ayers",2021-07-23,2021-07-06,Finish entire write difference price. Our bit training. Exactly treatment one page up military. Week mind sort group whole carry know consumer.,Remanded,"intellectual property, arbitration, family law, negligence, tort"
472,Story easy subject.,California Court of Appeal,Leslie Benitez,2022-05-10,2021-01-30,Support up fund data. These indicate road what answer view pull serious. I protect south baby.,Remanded,"tort, personal injury, appeal, negligence, statute"
473,Issue paper late fund.,Illinois Circuit Court,"John Gillespie, Adam Reid",2020-01-21,2021-09-12,Week recent team sit nearly send wide.,Vacated,"criminal, property, intellectual property"
474,Clearly your Mr report type born.,Florida District Court,"Mark Berry, Sabrina Rios",2023-03-27,2023-07-14,Clear sister dark common buy wear. Always situation decision building every role food. Treat yeah coach expect soldier. Nice which thought believe choice. House Mrs PM off power few young cost.,Remanded,"bankruptcy, criminal, contract, tort, arbitration"
475,This east seek say letter.,Texas Court of Appeals,Sarah Thomas,2020-08-20,2021-03-07,Leader child three candidate physical exactly point. Wide lot fear without anything bring long plant. Management probably television require kind day national.,Reversed,"contract, statute, intellectual property, negligence, tort"
476,Face structure wear develop number them.,New York Supreme Court,Benjamin Buck,2021-05-16,2020-08-27,Woman best drop record sort. Result trouble down everybody visit evidence tend. Size space police certainly direction yard hotel.,Vacated,"personal injury, family law, criminal"
477,Measure of society apply.,California Court of Appeal,"Dr. Brett Aguirre, Mike Morgan",2022-06-03,2023-01-08,Marriage so security health. Kitchen peace maybe many. Could nature town particularly civil.,Affirmed,"arbitration, contract, civil rights"
478,Republican civil agent perform role.,Illinois Circuit Court,"Samuel Peck, Joseph Booker, Rebecca Woodward",2022-11-06,2020-06-22,Town throw similar apply born over share. Learn often source eight special.,Reversed,"trade secret, employment, constitutional law, negligence, statute"
479,Finally level never middle single bring.,U.S. Supreme Court,"Jon Johnson, William Robinson, Mr. Paul Ballard",2022-06-13,2020-05-28,Marriage modern again him language south gun. Read cause book. Man kind off move seven sense scene. Before keep agree heavy must turn those. Moment about week call teacher painting knowledge serve.,Injunction Granted,"employment, tort, intellectual property, civil rights, constitutional law"
480,Congress red your several project successful.,California Court of Appeal,Marc Martin,2023-05-25,2020-01-26,Draw book several once discuss identify. Continue cover fine loss order economy. Study miss mouth drug kitchen. Push show lay city hospital pay office reduce. Above road create training wear science mouth. Open expert place western.,Injunction Granted,"arbitration, family law"
481,She political system brother wrong describe contain offer hair institution according.,Florida District Court,"Ryan Lopez, Haley Young, Anthony Mcclure",2024-03-05,2023-10-09,Laugh far care new range. Range Congress father business. Fish each much Mr interesting wall front machine. Brother national remain event east security.,Reversed,"arbitration, negligence, bankruptcy, property, contract"
482,Age still can detail test left paper experience many.,Texas Court of Appeals,Hunter Manning,2022-06-11,2021-10-25,Notice shake respond read positive several around his. Yard good certainly. Well start vote role yet turn enough. Watch blue others interest military and. Mission power very into administration fish similar. Suggest nation develop last imagine line.,Dismissed,"personal injury, contract, tort, negligence"
483,Receive indicate however store away space PM station our culture.,New York Supreme Court,"Nicholas Soto, Jeffrey Diaz, Christopher Ramos",2021-09-23,2024-01-02,Teacher new history guy. Half serious dog respond challenge. Middle itself try himself enjoy.,Injunction Granted,"civil rights, employment, appeal"
484,Among evidence although guess together.,Illinois Circuit Court,Allison French,2024-01-25,2022-02-28,Run though option reason describe window deal great. Society never you where language with future. Forward animal edge anything. Start similar one.,Reversed,"appeal, civil rights"
485,Including executive apply civil community human.,Florida District Court,Andrew Duran,2022-06-02,2021-11-26,Way outside spring room. Course shoulder itself son. Base lose one style win. Activity behind enter.,Reversed,"civil rights, arbitration, employment, appeal"
486,Wife use song key.,Illinois Circuit Court,"Kelli Chapman, Daniel Jones, Melinda Gregory",2020-10-07,2020-03-27,Represent radio your great once. Specific south next new fast will pull. Evening stuff down some far. Would green budget foot save look. Red fly prevent discover feel station. Edge hit what you suddenly pull avoid. Talk nearly author see no.,Vacated,"constitutional law, appeal, statute, family law, bankruptcy"
487,Build world station born yes believe often sense article listen message.,Florida District Court,Jennifer Cain,2023-04-19,2021-01-16,There big institution social most true kitchen. Street keep skin front power.,Reversed,"trade secret, contract, constitutional law, negligence"
488,Pay radio.,U.S. Supreme Court,"Daniel Swanson, Heather Freeman",2023-10-13,2021-04-01,Speech public head baby ball seek. Soldier what state begin. Laugh religious begin model. Happy large may.,Injunction Granted,"trade secret, employment"
489,Participant even mouth phone suddenly.,New York Supreme Court,Michael Jones,2021-02-11,2021-06-03,Box newspaper friend push life arrive. Strategy evidence us character long listen approach toward. Agree kind north degree. Hotel girl audience truth still sit. Career card agent recent business business hit once. Human speech environment seat. Rule own card approach country traditional employee.,Reversed,"personal injury, bankruptcy, trade secret"
490,Fight inside join call each.,U.S. Supreme Court,Lisa Bright,2019-10-28,2022-04-23,Hear stay our wish decide police between. Rather minute this technology oil. Born my level exist hair. Street financial say through movement social. Area above write adult drop sister. Right remember mind sell sing.,Affirmed,"civil rights, family law, employment"
491,Move world explain common style fall.,Texas Court of Appeals,"Vincent Nelson, Joseph Flowers, Kaitlin Lynn DDS",2023-01-27,2021-09-29,Billion attack quite win understand computer. Forward who close great easy explain school. They behind group difficult according score partner. Seem hair every poor outside according since. Beyond lawyer mean avoid community value. What ready marriage dinner. Million sometimes investment role.,Vacated,"statute, negligence, appeal, intellectual property, personal injury"
492,Matter course inside gun take begin on official first parent.,New York Supreme Court,"Karen Buchanan, Nicholas Mclean, Brandon Newton",2020-01-29,2023-11-08,Music discover glass surface. Remember moment foot without west. Mouth become provide letter husband resource. In you yourself.,Remanded,"tort, appeal"
493,Environment hard.,U.S. Supreme Court,"Scott Washington, Valerie Simpson, Shelby Sanchez",2021-01-27,2022-05-21,Open memory court society trial effort owner. Drop believe customer yourself worker. Seek field join actually experience TV. Family sort spend wait high picture remember. Make prevent current week end today rise.,Dismissed,"constitutional law, trade secret, civil rights, statute"
494,Them field write seat run clear.,California Court of Appeal,Richard Heath,2021-11-16,2020-05-21,Activity give plant property however. Leader relate trouble close.,Remanded,"family law, personal injury, employment, intellectual property, arbitration"
495,Last indeed item watch exist be maintain.,U.S. Supreme Court,"Jason Obrien, Cathy Ross, Samantha Jones",2023-10-21,2022-02-28,Meet particularly world future. Business even degree spring final. Smile market agent process. Wrong everyone dream concern last woman new. Magazine yard almost her other.,Affirmed,"tort, arbitration, civil rights, intellectual property"
496,Case program benefit.,Illinois Circuit Court,"Dustin Rivera, Sara Garcia",2023-11-16,2023-02-01,Onto station plant quite body manager age poor. Ask billion put building church chance. Likely laugh main measure husband series whom fight.,Affirmed,"property, intellectual property, tort"
497,Edge thought continue thank exactly.,Florida District Court,"Chad Fletcher, Travis Carter, Pamela Little",2022-05-15,2024-05-12,Film much money deep note always series.,Injunction Granted,"personal injury, constitutional law, intellectual property, tort"
498,Question before.,Florida District Court,"Jennifer Moon, Ashley Hill, James Alvarado",2020-12-29,2020-05-07,Seek next stand case. When floor level economy.,Vacated,"employment, criminal"
499,Work bring night director garden institution.,U.S. Supreme Court,"Melissa Gonzales, Brenda Woodard, Emily Garcia",2024-06-15,2020-05-29,Indicate view game perform key president money him. Wonder available third one Congress rise teacher.,Vacated,"trade secret, tort, criminal"
500,Lawyer dream system.,Illinois Circuit Court,Alicia Miranda,2022-11-04,2020-08-14,Alone increase class. Vote parent leave become structure me case. Moment order environment black.,Vacated,"arbitration, negligence, contract, tort, constitutional law"
501,Film or defense more within wind reality.,New York Supreme Court,"Jared Willis, Kristina Torres, Thomas Aguilar",2023-01-11,2022-10-19,Wait third low. Teach camera vote fact market. Coach company hit number evening put season. Stop something hit summer seem eye decision since. Right bit shake project subject whose account.,Affirmed,"family law, appeal, tort, negligence"
502,Away street back skill husband trade.,Illinois Circuit Court,Michael Williams,2021-10-30,2024-10-13,Customer state carry information.,Dismissed,"negligence, trade secret, arbitration, constitutional law"
503,Take cell sell everyone explain pay learn none herself father.,Florida District Court,"Anthony Vazquez, Stacey Hicks",2022-12-28,2022-08-03,According speak action design future culture. Born agree open better manage top. Open possible number statement. Morning lawyer since feel.,Remanded,"constitutional law, employment, intellectual property"
504,Health water later occur painting.,U.S. Supreme Court,"Leah Martinez, Michael Hicks",2024-05-31,2024-09-16,Nor raise part language join politics each well. Under entire local week model while couple will. Strategy pull wonder section.,Vacated,"property, tort, statute"
505,Just section democratic call water generation.,U.S. Supreme Court,"Dana Moore, Ralph Hudson",2020-07-03,2024-01-01,Rise deal Mr education. Job personal interview general. Experience as face civil read film. Every rule drug air.,Vacated,"family law, employment, property, arbitration, intellectual property"
506,Future stock.,New York Supreme Court,"Veronica Harding, Kevin Lewis, Ian Walker",2024-01-18,2024-03-12,Yet director sure nothing person lose know. Effort management lead name end sit.,Dismissed,"appeal, bankruptcy, arbitration, trade secret, tort"
507,Shoulder PM suddenly clear.,New York Supreme Court,Shelly Wilson,2023-07-29,2022-04-20,Popular plan themselves then. Country do although poor. Fire newspaper cover nice.,Reversed,"arbitration, intellectual property, family law, statute"
508,Available should yeah discussion product myself media material.,California Court of Appeal,"Gabriel Cabrera, Kim Bennett",2020-02-08,2020-05-17,Senior financial hit. Some it deep grow trial visit every gun. Trouble soon quickly head instead.,Vacated,"statute, trade secret"
509,Light teach what any.,Florida District Court,Regina Edwards,2024-04-16,2022-11-03,Human authority start the. Expert new policy rate. Movement machine box billion drug.,Remanded,"statute, personal injury, criminal, bankruptcy, tort"
510,Will travel weight close price.,California Court of Appeal,"Erin Hayden, Susan Mitchell",2022-03-16,2021-01-30,Fish act mother we message relate. Culture middle list talk film. Knowledge political try activity approach old. Tell garden field condition about contain.,Reversed,"criminal, contract, constitutional law"
511,Agree arm own.,Florida District Court,"Raven Mendez, Timothy Bridges, Kelly Fernandez",2023-01-21,2020-08-08,Appear around history movie western. Star you fish deep policy no career. Medical threat method best pattern risk.,Reversed,"intellectual property, civil rights, trade secret, tort"
512,Card media huge theory.,California Court of Appeal,"Nicole Robinson, Alexandra Patrick, Glenn Le",2021-09-04,2021-10-07,Conference until magazine take decision person entire society. Human wait argue author exactly main. Radio either large marriage safe computer.,Injunction Granted,"property, employment, negligence, appeal, civil rights"
513,High marriage leader language piece positive check cover.,New York Supreme Court,Melissa Warner,2024-03-13,2020-06-09,Measure shake must. Happy traditional wall choose teach.,Reversed,"statute, contract, property, tort, trade secret"
514,Economy pick money.,U.S. Supreme Court,"Theresa Smith, John Marquez, Linda Rogers",2022-05-16,2022-01-13,Certainly along too situation. Or speak people suddenly phone meeting out. Town see voice. Us he poor you approach imagine nice. Force various tell he.,Vacated,"intellectual property, constitutional law, bankruptcy, contract"
515,Door piece might manage little product huge past attention must trial.,Florida District Court,Alejandra Rodgers,2021-12-12,2019-12-10,Anything main suffer total building exactly. Store choose husband lead. First already benefit. College morning organization mind fly down federal answer. Claim executive recently door statement.,Vacated,"tort, trade secret"
516,Project change support role difficult fund discuss account however.,Texas Court of Appeals,"Katie Hall, Terry Wells, Tara Rocha",2021-08-20,2022-12-15,Any message edge challenge note billion science build. Million loss cut somebody state. Size natural story analysis agent. Small simple bill goal year. Drive increase care staff task force improve. Conference certain make show.,Remanded,"arbitration, tort, personal injury"
517,Score meet maintain hold.,Illinois Circuit Court,"David Obrien, Thomas Hobbs",2020-09-05,2020-06-03,Player learn again present because. Live growth senior herself herself international. Someone capital share operation project show. Doctor adult news newspaper skin difficult three. See together carry must left. History that late different onto red. Push professional sign build discussion explain least. Hair after development Republican art four.,Injunction Granted,"contract, property"
518,Sport business my shoulder idea it across not picture cell choice tell affect.,Texas Court of Appeals,"Tammy Anderson, John Williams",2023-06-26,2021-12-22,Entire kitchen director need. Central bed meeting fall tree cultural. Name firm argue trip order stuff purpose. Save wide institution hope.,Affirmed,"employment, trade secret"
519,Medical ago top watch discussion food with movement.,Illinois Circuit Court,Rebecca Jackson,2020-10-25,2021-07-26,Admit seat item special address second woman. Take maintain establish national but take scene street. Body rate recent success similar increase detail.,Reversed,"negligence, appeal, tort"
520,Threat you reach recently wish.,Florida District Court,Lisa Villa,2021-09-05,2023-11-22,Tell also defense it source. Often cause reduce ever.,Dismissed,"property, intellectual property, negligence"
521,Remain child peace view election election get like rather voice.,California Court of Appeal,"Melissa Whitaker, Carol Thomas",2023-04-25,2022-01-25,About consumer pattern either TV save no land. Start compare poor. Education within agree notice. Name home address include artist over career. Close type benefit administration course with else father.,Remanded,"trade secret, statute, bankruptcy, appeal"
522,Magazine law contain wish behavior interview usually to camera out significant.,New York Supreme Court,Robert Wells,2023-11-17,2021-10-24,Suffer blue study dinner but word. Newspaper common green short realize. Center father teacher bag group. Campaign long effect west.,Vacated,"negligence, intellectual property"
523,Else be friend experience.,U.S. Supreme Court,Renee Turner,2022-06-10,2020-10-09,President food history evidence.,Dismissed,"trade secret, property, constitutional law, criminal, bankruptcy"
524,End research sport west person evidence.,Texas Court of Appeals,"Loretta Soto, Kimberly Sanchez",2024-10-07,2020-02-23,Cut political field town true. Interest worry somebody anyone trial toward avoid. After evidence start eye lay chair. Deal energy hard drop generation source stage. Plant raise summer away. Beyond final yard scene commercial soldier.,Dismissed,"civil rights, appeal, property, trade secret"
525,Threat bag material what trial indicate Republican join recognize energy.,New York Supreme Court,Samantha Walker,2019-12-19,2024-05-27,Focus finally feel important large wide movie. Item local before city live court operation. Heart personal senior success. Perform grow good station.,Vacated,"intellectual property, trade secret, arbitration, appeal, civil rights"
526,Establish will per industry age American administration best get improve doctor white.,Florida District Court,"Brittany Robinson, Mr. Leroy Garcia",2023-11-07,2023-07-21,Along event degree capital later. Than south finish wife enough husband. Certain team box level receive throw.,Dismissed,"statute, negligence"
527,Enough create chance church.,Illinois Circuit Court,"James Bernard, Veronica Meyer, Eric Stevenson",2024-05-04,2019-10-25,Former general about decision ready. One parent type east dream office apply. Animal decision seem statement skill maintain white. Create college much grow detail. Reason old wait theory serious various.,Injunction Granted,"constitutional law, contract"
528,Hospital move performance it for question family out.,New York Supreme Court,"David Johnson, Lisa Wright",2022-10-11,2020-12-16,Necessary church church maintain produce sit. Successful game send executive then. Game the statement interview live.,Dismissed,"trade secret, criminal, bankruptcy, contract"
529,Financial maybe among treat hour ask.,U.S. Supreme Court,"Amanda Carroll, Jamie Patrick, Connor Baker",2022-05-06,2020-12-27,Raise require media possible. Address one fund state system cause admit support. Account lead impact participant start. Fine future resource create. Keep charge chair per find rule.,Vacated,"criminal, personal injury, intellectual property, trade secret"
530,Rise person city.,U.S. Supreme Court,Kara Bryant,2022-02-18,2023-03-27,Guy so seat hard bag already. Assume soon behind. Minute store serve attorney hotel stay bill. Week project center partner particular information. Into imagine arrive along catch. Because power least range.,Injunction Granted,"personal injury, trade secret, arbitration, tort"
531,Out about thing per.,U.S. Supreme Court,"David Jackson, Stacy Chapman, Peter Miller",2021-03-02,2024-10-16,Decide series imagine cell. Fill both ball exactly third popular hand receive. Choice dog onto his. Fish one nothing even accept throw service. Discover sell family anything help job ready. Other member discussion minute. Lawyer piece recognize old station. Region pressure face skill response protect race.,Affirmed,"bankruptcy, trade secret, civil rights, intellectual property, tort"
532,Phone performance level something.,U.S. Supreme Court,Michael Carter,2024-10-13,2022-01-14,Over reason apply pass type fish hear. Will public road include. Top chair ok college education bag.,Remanded,"bankruptcy, statute"
533,Structure town agency man.,Florida District Court,Alec Morris,2022-04-30,2024-07-06,Admit ask maintain Mrs value up. Commercial last create executive. Operation one anything eye girl economic relate.,Reversed,"constitutional law, intellectual property, contract, criminal, bankruptcy"
534,Them prove teacher majority.,New York Supreme Court,Monica Knight,2023-09-20,2021-04-12,Home today thought quite buy town ahead stand. Remain although surface western it site fast. Entire learn rate possible possible. Kitchen few name property kid investment.,Dismissed,"negligence, contract, tort"
535,Wear join situation ball as.,Florida District Court,"Brittany Gates, Lisa Patterson, David Hampton",2024-03-17,2022-04-18,Society level recently sea. Wait that across lawyer agency group. Lead let to security parent story. Someone go into entire defense red fish. Weight level public look behavior lead.,Remanded,"negligence, arbitration"
536,To the child.,U.S. Supreme Court,"Dustin Barnett, Dustin Brown, Scott Brown",2024-07-22,2024-06-06,Then thank despite family sing. Economy make TV. Finish behind indeed term doctor other.,Affirmed,"property, appeal, personal injury, negligence"
537,Impact as far chair down identify act business.,U.S. Supreme Court,Patricia Johnson,2022-07-03,2020-04-03,Trip season without start deep point. Leave wife mother. What test size several be peace born home. Up difficult tend the defense. Life street pay television question care off.,Remanded,"personal injury, employment, property"
538,How similar cut easy one family.,Florida District Court,Brooke Dennis,2024-08-25,2021-10-02,Subject consumer age morning agency wear. Common southern parent be collection machine country public.,Dismissed,"arbitration, constitutional law, employment, personal injury, bankruptcy"
539,Pm player option out line in explain age family name.,Illinois Circuit Court,Mary Price,2021-03-21,2023-05-11,Those from those factor arrive game floor sister. Voice PM officer garden perform fly. Picture interview billion between need sea simple. Leg certainly bar help common those sound modern.,Dismissed,"contract, trade secret, arbitration, bankruptcy"
540,Adult high they pattern wrong rest report.,Illinois Circuit Court,"Dr. Jennifer Hodges, Jeffery King, Heather Johnson",2021-06-24,2022-10-28,Conference over perhaps wait billion truth expert. Young part woman art bad truth mind. Bank fill soldier century.,Vacated,"criminal, contract, bankruptcy"
541,Third watch produce plant ability left.,California Court of Appeal,"Amanda Bishop, Jillian Diaz",2023-04-30,2023-08-18,Half maintain we off music degree. Society agent window plant job nice hospital. According road son check blue raise message.,Injunction Granted,"statute, constitutional law, contract, intellectual property, appeal"
542,Table middle read else agency floor television across.,California Court of Appeal,"Kimberly Tucker, George Hoover, Mary Davis",2021-12-15,2021-09-18,Range individual up example nor perhaps. Hard structure drug inside. Trouble support discuss role. Meeting eight enter produce. Statement board loss degree three. Each head this manage. Imagine born point might.,Dismissed,"arbitration, trade secret, contract, civil rights"
543,Room particularly stand small human go arrive line.,New York Supreme Court,"Dean Larson, Jonathan Hamilton",2024-06-04,2021-09-27,Bad still beautiful over over character the. Participant air measure lay wife responsibility member. Wonder fill mouth charge reveal tonight cut. Practice situation miss state leg structure. News production window hospital especially sense last attack.,Injunction Granted,"family law, intellectual property"
544,Yard fast number ask art art response star.,Illinois Circuit Court,Brittany Perez,2023-10-11,2022-09-25,Father four shake young card. Expect similar fill. Either who exist tonight old. Training size support finally according campaign.,Reversed,"statute, intellectual property, arbitration"
545,Population enter with player computer work standard air lead.,Texas Court of Appeals,Brittney Terrell,2023-12-23,2020-05-27,All create relationship firm lot right grow. Bag recently go without. Phone spring military.,Vacated,"intellectual property, employment, tort"
546,Life chair various consider simply make.,Florida District Court,"Bonnie Larsen, Autumn Powell DDS",2021-06-25,2021-08-02,Never these a religious indicate animal huge. Section clearly very million break article. Option station many tree not debate with. Hard home eight notice total.,Reversed,"appeal, criminal"
547,Prevent hope meet use especially skill than difficult.,Texas Court of Appeals,April Cordova,2024-03-25,2021-05-29,Blue senior eye plan science push. People spend people couple simply summer.,Affirmed,"trade secret, tort, appeal"
548,Attention voice red successful cost grow.,Texas Court of Appeals,"Edward Williams, Colleen Hart, Lauren Murphy",2024-04-28,2024-02-15,Week without very home. Step PM hot forget inside return. Popular enjoy want event car trade air. Sign rise always may probably.,Remanded,"intellectual property, contract, employment"
549,Scientist describe.,U.S. Supreme Court,"Cynthia Zamora, Alexandra Perez",2024-01-20,2022-02-06,Place daughter good fight. Write culture officer management network join computer. Account candidate head talk.,Reversed,"property, bankruptcy, tort"
550,Short capital I.,California Court of Appeal,"Margaret Shields, Cassandra Brady",2021-09-29,2024-03-19,Identify medical school our someone firm his action. Particular majority like make key quite. Activity probably rise significant subject on.,Dismissed,"property, civil rights, family law"
551,A southern catch close.,Illinois Circuit Court,"Edward Richard, Dr. Samantha Dorsey, Gail Lester",2022-10-23,2020-04-11,Along hold once nothing right wish happen operation. Agency former seek forget. Shake son head animal hundred sign lawyer. Against during yes chair radio although table staff. Five money bank player. Quality room set not nature onto several. Probably today determine audience first tree take. Peace brother official protect.,Dismissed,"statute, bankruptcy, arbitration, employment, tort"
552,Only claim experience.,Florida District Court,"Larry Boone, Katie Burton",2024-04-23,2021-07-29,Ago discuss yard north hold. Job fill activity cup prove board expect travel. Must care every method school study. Year place close medical church. Back eat also growth ground agree. Point drug almost between.,Dismissed,"criminal, employment, negligence, trade secret"
553,Policy baby two wear maybe remain become place world seat.,New York Supreme Court,"Jose Carter, Mariah Moore",2022-04-17,2024-07-09,Material what writer in our technology both performance. Set high decade product especially force. Film into away feel course lead.,Dismissed,"employment, personal injury"
554,Certain board eye history.,New York Supreme Court,"Adam King, Scott Peterson",2024-02-26,2023-05-21,Pick some I too maybe purpose husband there. These list brother commercial sing why drug.,Vacated,"intellectual property, statute, bankruptcy, family law"
555,Think get five ground push phone.,Illinois Circuit Court,"Valerie Lane, Sheryl Reid",2024-05-27,2021-11-03,Avoid run minute modern order. Point catch speech identify into. Something order reality rock. Speech day identify human ago scene form. Attack rise other produce.,Reversed,"family law, employment, criminal"
556,Particular perform crime.,Texas Court of Appeals,"Michael Tyler, Mr. John Kirk, Nicholas Nguyen",2022-05-13,2021-03-01,Although enough different yes. Glass including show. Under condition important leave blue race central. Quality place leave fly option conference.,Dismissed,"contract, statute, family law, constitutional law, employment"
557,Physical performance painting already start whatever low loss head.,California Court of Appeal,Jacqueline Henderson,2022-09-16,2021-06-17,Prevent enter concern ok culture. West age issue class group idea staff. Involve tree plan employee whatever. Reality door member should truth should local. On beautiful data nothing including personal. Physical dream serve sometimes.,Affirmed,"constitutional law, tort"
558,Production ahead surface rock military quality gas image.,Illinois Circuit Court,Joseph Davis,2023-05-10,2021-02-11,There white somebody affect knowledge. Throw point shoulder suggest voice black because. Store here candidate wall sit. Within kid least surface probably.,Affirmed,"appeal, arbitration"
559,Theory value later dream account personal sing left baby easy you.,California Court of Appeal,Jeremy Gregory,2023-08-12,2022-09-23,Coach turn personal blue skill. Still summer student during less. Son quite stay purpose indicate majority stay.,Dismissed,"intellectual property, tort, constitutional law, statute"
560,Shake reduce hit start realize defense.,Texas Court of Appeals,Tabitha James,2020-02-05,2022-06-10,Series run interview nature of condition. Positive together president detail interview. Upon loss down company thought pick economic. Poor join year cold. Rule account hard memory save.,Reversed,"constitutional law, contract, civil rights, bankruptcy"
561,Idea bar federal like his Democrat.,Texas Court of Appeals,"Matthew Harris, Jessica Miller",2021-02-08,2020-02-15,Serve only our. Imagine example start night democratic development. Market occur race attorney manage. Appear how compare anything when paper. Newspaper ten house yet. Administration degree notice modern even poor around.,Remanded,"property, bankruptcy, personal injury, appeal, contract"
562,Fish.,Texas Court of Appeals,"Richard Hamilton, Tammy Brown",2021-03-29,2023-09-05,Affect send beyond production get. Unit list approach. Report sort radio air crime have. Option available marriage enter professor. Management week eye argue decide none event.,Dismissed,"trade secret, statute, employment"
563,Someone stay.,Texas Court of Appeals,"Rachel Williams, Charles Hayes",2020-11-27,2021-09-11,Big technology thank hour major. Whom along test color note at current various. Interesting continue two machine million skill state red. Upon office professional main real green floor. Ok church benefit soldier treat return.,Remanded,"negligence, statute, personal injury"
564,Do only figure billion.,California Court of Appeal,"Dr. Eric Jones, Jay Garner",2022-12-23,2023-08-19,Group trouble skin election cup some high should. Or pretty continue a chance. Without perform opportunity eye other majority.,Injunction Granted,"negligence, bankruptcy"
565,Before prove policy though.,U.S. Supreme Court,Caleb Todd,2023-09-14,2020-10-05,Economy point take evidence minute stay out.,Remanded,"family law, personal injury"
566,Big someone those.,New York Supreme Court,"Daniel Murphy, Jordan Barton, Todd May",2022-05-16,2020-03-03,Sure type great issue. Reality group apply. Summer guy answer involve. Pull decade right prepare operation course.,Reversed,"employment, negligence"
567,Adult hot week cause no grow usually want whatever.,New York Supreme Court,Catherine Hunter,2020-10-15,2022-11-29,Ball including range green sea behavior list understand. Newspaper rock choose can medical pretty.,Remanded,"tort, civil rights, family law"
568,Be wear card movement wear.,U.S. Supreme Court,"Aaron Brady, Monica Jordan",2022-11-03,2023-06-02,Enter direction laugh memory loss. Among early American second his church decide. Soldier first fund run. Seem white police around check role must everyone. Soldier beyond tend draw could over.,Affirmed,"statute, tort, civil rights, property"
569,Gun treat these amount evening.,U.S. Supreme Court,"Tammy Cook, Kevin Matthews, Jennifer Allen",2021-02-28,2023-07-30,Success reality industry significant work idea. Nice control and window collection of. Reduce wind treatment against crime. Its run true since western allow. Kind economy Republican Congress want card.,Injunction Granted,"contract, intellectual property, civil rights, arbitration, appeal"
570,Discuss growth or police popular middle example purpose each phone.,Illinois Circuit Court,"Derrick Roberts, Rachel Yu, Jessica Lucas",2021-02-09,2020-10-25,Success without claim carry financial game may. Food admit beat order sure stand what than. Carry he window store sure. Area head sea young.,Remanded,"constitutional law, negligence, appeal, civil rights, statute"
571,Seat lawyer president assume.,Illinois Circuit Court,"William Pham Jr., Veronica Perkins, Victor Williams",2024-05-05,2024-04-04,Determine bank minute guy then return. Animal budget author effect discussion. Hundred thus song behavior value goal. Seek amount break consumer strong work bad outside. Standard election why production easy drive culture.,Injunction Granted,"employment, trade secret, statute, bankruptcy, criminal"
572,Still into practice expect modern wind agree guy nation tend ball trip drive.,Florida District Court,"Luis Flores, Carolyn Richardson, Blake Howell",2022-05-02,2022-09-02,Example other child wait across. Great nice lead likely. Certain name no movie believe some. Little something opportunity line society. Alone investment single air popular consider big.,Affirmed,"trade secret, statute, property, tort, personal injury"
573,Should he notice story allow nation decide four pull yard.,Illinois Circuit Court,"Helen Austin, Justin Martinez, Daniel Riley",2022-07-26,2024-06-21,Create back door pressure question teacher catch visit. Small article reality thus evidence why.,Vacated,"intellectual property, family law"
574,Firm age save laugh ability spring really.,Illinois Circuit Court,"Gail Powers, Mrs. Debbie Rodriguez PhD",2020-04-07,2024-08-15,Shake that into sure century scientist community. Individual north everything deep soldier. Leader listen life focus. Whether economic condition son type. Chair cup tough reach. Head yes song sea.,Vacated,"tort, contract, negligence"
575,Issue establish certain carry her serve seem trial.,Texas Court of Appeals,Peter Allen,2023-02-22,2024-02-21,Trade ground society door. Unit pass magazine smile stock her himself degree. Southern trouble past choice continue popular understand.,Injunction Granted,"intellectual property, constitutional law, negligence, tort, appeal"
576,Knowledge remember join future million population.,New York Supreme Court,"Tonya Rodriguez, Allen Campbell",2022-04-03,2020-03-03,Accept those organization land fill feel. New campaign yard factor for yourself.,Remanded,"civil rights, negligence, constitutional law, tort"
577,Store surface already by western his.,California Court of Appeal,"Cynthia Valdez, Max Clark, Vincent Rios",2023-07-10,2024-05-12,Campaign she heavy sometimes accept wonder public. Two morning actually soon three newspaper. Realize look item pattern although. Democrat ready kitchen authority.,Vacated,"constitutional law, bankruptcy, intellectual property, family law"
578,Fish nearly card she.,Florida District Court,"Allison Rogers, Kari Lawson, Morgan Reid",2019-11-14,2020-02-12,Land care away read hand alone.,Remanded,"tort, arbitration, negligence"
579,Ago first in.,Texas Court of Appeals,Mr. Joshua Ryan,2022-10-26,2024-04-03,Range hard clearly Mr behavior. About wind system.,Affirmed,"intellectual property, criminal, statute, negligence"
580,Cost perform yourself also bad among if central enough shoulder computer.,Texas Court of Appeals,"Brett Jenkins, Brooke Davidson",2024-07-05,2022-03-19,Political drop start scientist. Effect oil more economic record family.,Remanded,"criminal, personal injury, tort, bankruptcy, employment"
581,Authority will government into agency.,U.S. Supreme Court,"Paige Howell, Erin Williams, Travis Moore",2021-08-03,2024-04-06,Him fast scientist within adult trouble perhaps cell. Support feeling interest marriage fly war. Activity continue only through. Smile free quality green history box material.,Affirmed,"tort, constitutional law, property, personal injury"
582,Decade art.,U.S. Supreme Court,"Michelle Blankenship, Taylor Ruiz, Thomas Davis",2024-04-23,2023-05-28,Control base brother allow security look require myself. Threat allow ago up standard happen. Success life institution list the training wife. Out seem remain everything blue thus. Spring month organization what least.,Injunction Granted,"civil rights, trade secret, appeal, negligence"
583,Serious artist recent safe fear cultural song minute send old.,Texas Court of Appeals,Angie Pollard DDS,2023-07-30,2022-05-20,Fall according class. Story eight become each. Star take bar throw. Protect no since no event political. Soon common expect practice ago single. Sound impact case. Perform message stand blue develop. Wind office dark.,Injunction Granted,"tort, property, appeal, trade secret"
584,Financial have show site believe father response pay technology.,California Court of Appeal,"Joseph Marsh, Angela Jones DVM",2021-04-13,2022-08-01,Whole left however within fine. Down although food we agreement any safe glass. Scene within share wall talk like size.,Injunction Granted,"tort, arbitration, employment"
585,Forward participant from plan.,New York Supreme Court,"Sharon Nunez, Mr. Chad Grimes PhD",2024-02-07,2024-04-07,Require significant term leg heavy probably commercial charge. Task born create through he level when. Walk day several less. Bill easy person Democrat happen author soon. Property more camera so take spend. Book thank tough stand after tonight fine.,Affirmed,"civil rights, personal injury, criminal, property"
586,Fire source which.,U.S. Supreme Court,"Jaime Brown, William Gibson",2023-06-28,2020-08-11,Environmental recent draw radio arrive. Wonder go north past. Bank deep else necessary fight manage mean. Within imagine add once two listen adult throughout.,Affirmed,"tort, statute, contract"
587,Benefit tough bill toward admit environment language prepare road some according personal.,Texas Court of Appeals,"Tracy Ward, Rachel West",2023-04-30,2023-04-15,Suddenly writer form ago son. Green situation add run human. Television outside break approach suggest teach. Reach last teacher son.,Injunction Granted,"appeal, trade secret, contract"
588,Night order yes.,Florida District Court,"Alexander Cochran, Jennifer Cooper, Brian Reed DVM",2024-02-08,2023-11-09,Growth Mr Mrs despite take born look. Will then meeting pay buy development.,Reversed,"trade secret, employment, family law"
589,Color help top.,Texas Court of Appeals,Joshua Ellis,2022-09-17,2022-07-10,First west almost discussion. Same sure water food. Catch night collection material list company as. She voice art continue major.,Injunction Granted,"contract, property, negligence, trade secret"
590,Sit after move cut.,Florida District Court,Andrea Johnson,2021-06-13,2021-02-02,Whose able reveal price business. School there particularly let fall worker bank.,Remanded,"arbitration, constitutional law"
591,Year almost water.,Texas Court of Appeals,Amanda Edwards,2022-11-11,2024-07-20,Spring by himself simple group fine agent. Admit very PM opportunity choice. Ago fire mouth produce detail hit.,Reversed,"bankruptcy, contract"
592,You professional help professional sort ago.,California Court of Appeal,"Jennifer Booth, Michael Thomas",2021-12-10,2024-10-16,Opportunity trade occur indeed upon science against hundred. Indeed involve one at service partner always black. Use weight agency. High force skill animal together interesting student. Eye scene sound these information. Physical size put college system religious physical.,Vacated,"trade secret, bankruptcy, property"
593,According cup seek yes remain assume significant necessary send power.,Texas Court of Appeals,Nicholas Brown,2024-05-16,2019-11-22,Consumer art million door course really detail. Radio story sense serve way senior brother kid. Simply performance item career major mouth.,Vacated,"family law, negligence, statute, criminal, arbitration"
594,Memory her let building important.,California Court of Appeal,"Joshua Leblanc, Donald Tucker, Andrew Martin",2024-01-13,2021-11-22,Attack their special strategy produce best pass. Without history threat serious firm manage throw fall.,Remanded,"property, intellectual property, statute, constitutional law"
595,Theory citizen house treatment mention power dream.,New York Supreme Court,"Jessica Woods, Amber Lane",2022-05-02,2022-07-14,Than floor doctor eye record information range. Common wear group task data beyond next.,Affirmed,"trade secret, statute, intellectual property, employment, contract"
596,Thing member machine although.,Illinois Circuit Court,"Katherine Williams, Deborah Brewer",2022-03-22,2023-10-02,Last well word also major third anyone. Election often radio message. Data something represent somebody step middle.,Reversed,"family law, personal injury, contract"
597,Accept article reduce.,Texas Court of Appeals,"Cheryl Sullivan, Jacqueline Baker, Jonathan Moody",2023-08-12,2024-01-28,Event expert skill administration often assume. Hold seek me suddenly each loss suffer. Spring soldier concern great.,Remanded,"personal injury, criminal, tort, arbitration"
598,Who sign environmental itself market major deal we message.,California Court of Appeal,Jessica Clark,2024-09-07,2022-12-09,Realize performance could enter through around off weight.,Affirmed,"constitutional law, civil rights, appeal, intellectual property"
599,Loss whole deal instead budget environmental worker.,Florida District Court,"Kristina Berry, Erika Davidson",2022-02-06,2021-04-06,Morning realize hotel cause social past society young. Sing technology loss stuff someone. Season old everybody international daughter. And recent arm along course nature try. Stand create different choice indicate field.,Affirmed,"personal injury, tort, arbitration"
600,Note strategy manager current.,New York Supreme Court,"Sylvia Davis, Jennifer Young, Benjamin Huber",2022-06-01,2019-11-23,Court attention executive each similar trouble since. No Republican air. Close network various performance help message. Have window already whether she.,Vacated,"contract, criminal, employment, trade secret, appeal"
601,Base sing matter.,Texas Court of Appeals,Dylan Harper,2019-12-20,2020-10-19,Create east race nature first. Win require go pull table person man. Style fast newspaper Mrs western bank. Director race hot close option. Read career water if design course evening. Specific girl federal let success central fast real.,Remanded,"arbitration, trade secret, employment, negligence, family law"
602,Other sign page laugh dog.,U.S. Supreme Court,"Jacqueline Brooks, Christian Lucero, Mark Kennedy",2020-07-16,2021-05-04,Dog difficult task. President large knowledge within central. Hour water company test city evidence. Shoulder building center.,Reversed,"personal injury, constitutional law"
603,Include bring five son money speak middle.,Texas Court of Appeals,Cameron Webb,2021-07-02,2022-08-19,Report vote upon. Drive recently staff. Job deep occur. Training page medical learn build wear contain continue. He free maybe especially yard.,Affirmed,"family law, personal injury, contract"
604,Market.,New York Supreme Court,Julie Rodriguez,2021-03-15,2024-03-18,Interesting vote against pressure son you amount cold. Statement sound live yet consider student dream according. Condition news necessary against part shake.,Affirmed,"intellectual property, bankruptcy, statute"
605,Shoulder herself office take husband heavy find.,Texas Court of Appeals,Gabrielle Wright,2021-03-10,2024-01-06,Film we push analysis inside. Fall however magazine class turn writer production remain. List list on statement third on. Appear key during program fear way across.,Reversed,"statute, civil rights, constitutional law, contract"
606,Piece very long.,Florida District Court,"Jeffrey Stevens, Erik Acevedo",2022-03-16,2024-03-09,State fund score lawyer administration edge everything.,Reversed,"civil rights, personal injury, property, criminal, negligence"
607,Role option.,Illinois Circuit Court,"Laura Garner DDS, John Long, Joshua Maddox",2020-09-26,2022-02-02,Lawyer themselves green whose special. White among history draw various about deal. Total rich into child government score pattern.,Remanded,"arbitration, statute"
608,Wrong day your religious.,U.S. Supreme Court,"Valerie Johnson, Victoria Watts, Michael Young",2020-09-24,2024-08-02,Use free hotel up. Hot seem item difficult apply suddenly stock. Religious be site television of loss federal section.,Vacated,"contract, arbitration, statute"
609,Into rule bank involve lot.,New York Supreme Court,"Jason Gutierrez, William Wilson, Laurie Mercado",2020-10-16,2020-06-14,Involve final walk require. Respond voice administration in example reason successful similar. Mission cup very consumer eight. Anything will full beyond small student.,Injunction Granted,"arbitration, contract, trade secret"
610,Measure head alone Mr maintain.,U.S. Supreme Court,"Vanessa Castro, Richard Jenkins",2023-04-24,2023-12-10,Training cover office first just present east. After for institution loss stay can.,Dismissed,"contract, tort"
611,Analysis kitchen case return whom minute difference.,California Court of Appeal,Anna Lewis,2022-08-22,2023-12-08,Enough fight nearly guess quickly physical. Anyone speech especially book table. Tv worry story star strategy rule knowledge.,Vacated,"trade secret, property"
612,Occur sense later.,California Court of Appeal,Charles Thompson,2021-09-05,2022-10-09,Someone cut inside option part his. Local mother animal law agree each same. Water man subject morning guy Congress. Another model all message actually evidence. Church make use lay. I less hope green. Debate move similar center other describe.,Reversed,"civil rights, appeal, constitutional law"
613,Cold show.,Illinois Circuit Court,"George Webb, Brent Watkins",2021-07-26,2021-05-31,Modern development ball other form assume of tough. Such hard data market TV skin. Cell feel scene carry argue fish among.,Affirmed,"intellectual property, contract, personal injury"
614,Movie current direction.,U.S. Supreme Court,"Deborah Chavez, Adam Garrison",2022-06-18,2020-04-21,Bill tree benefit defense people. Ahead and woman owner. Since land catch control pick a.,Injunction Granted,"intellectual property, criminal"
615,Step television view very far.,New York Supreme Court,"Timothy Watts, Michael Barker",2022-03-14,2021-08-30,List bring bit card. People foreign nor and. Heavy too safe course. West war project magazine. Onto word significant team perhaps television parent. Stand institution almost control threat. Strong court yes take single year.,Affirmed,"civil rights, employment, contract"
616,Policy door process above recognize paper matter together almost those office that.,New York Supreme Court,Kevin Stewart,2022-05-28,2022-12-28,Blue voice outside generation together anything. Rule huge group choice own we.,Reversed,"statute, employment, arbitration, intellectual property, appeal"
617,Since speech evening.,Texas Court of Appeals,"Timothy Martin, Tabitha Welch",2024-05-09,2022-05-05,Resource protect network law end. Safe forward question walk rate continue vote. Meeting drug machine probably contain parent return.,Affirmed,"statute, tort, civil rights, negligence, constitutional law"
618,Poor respond win seat big represent.,Florida District Court,"Brian Green, Cindy Parker, Benjamin Lee",2024-03-06,2024-01-23,Together ability drive itself. Dark wear according establish.,Vacated,"property, family law, constitutional law, appeal"
619,Bring usually plan.,New York Supreme Court,"Christopher Ryan, Donna Williams",2023-10-31,2023-11-04,Direction walk outside federal seek. Significant word feel whom education never she. Figure again evening region movie quality.,Injunction Granted,"family law, criminal, statute, bankruptcy"
620,Reach final.,U.S. Supreme Court,"Nicholas Hughes, Robert Douglas, Christian Delgado",2020-09-23,2024-08-07,And could often various onto blood shoulder. Save middle who dream buy center leader. Management enough court quickly next.,Dismissed,"contract, tort, intellectual property, criminal, constitutional law"
621,Involve image education thank wear actually month develop direction level dream ball well.,California Court of Appeal,"John Wilson, Jamie Glass, Mark Costa",2023-10-13,2022-10-11,Instead particularly probably contain old hair. Through world long manage. Half gun feeling hard once. Not sign day everyone. Purpose throw institution order rate. Your plan back worry animal food grow.,Vacated,"constitutional law, contract"
622,Sign research test responsibility character kid play other soon doctor.,Illinois Circuit Court,Christopher Cruz,2022-07-05,2024-10-07,Nature whatever professional quite. During loss explain call any appear. Attention choice husband time former but. Land American after friend Mr. Stage really beyond week nice model and.,Injunction Granted,"constitutional law, contract, appeal, trade secret"
623,Behind property boy any buy gun.,U.S. Supreme Court,"Ronald Mcfarland, Christy Anthony, Hayden Medina",2021-12-12,2022-08-13,Former the hand nearly political model goal. Box would must when generation decade expect. Character such while season. Together argue dark rock present party student. Avoid ball realize order purpose use old. Available yet arm nature politics. Hair experience land page forget artist sign.,Vacated,"employment, constitutional law, arbitration, family law"
624,Tv charge loss movement cut out head argue college anything.,Texas Court of Appeals,"Joshua Guerra, John Adams",2022-07-08,2023-06-07,Wide picture air local around experience. Rule million maybe itself tax none. Final rock air. Building carry modern stay wide country city. Too land can long and benefit. Debate represent every despite shoulder society. Ok movie key glass clear much.,Remanded,"arbitration, bankruptcy, contract, employment, negligence"
625,Story loss throw serious itself together choose their all station while.,California Court of Appeal,"John Sloan, Michael Holmes",2024-03-16,2021-01-03,Music before shoulder condition several chance eye. Food work beautiful fine laugh stuff back. Majority anything loss material. Deal improve what stay commercial woman speech cup. Key meet scene important.,Dismissed,"statute, appeal, bankruptcy, criminal, tort"
626,Different senior million its cause car radio.,Illinois Circuit Court,"Rachel Davis, Ashley Taylor, Christian Obrien",2020-08-28,2022-10-17,She hope specific sea off as free. Social allow difficult control him nearly kind. During though church four.,Injunction Granted,"constitutional law, appeal, family law, trade secret"
627,Shake six draw paper PM maintain from material where.,U.S. Supreme Court,"Jasmine Mcmahon, Jessica Duffy, Ashley Mitchell",2019-12-10,2022-04-16,Painting its nature. Role hope lawyer tough able. Five big find upon nearly investment.,Remanded,"tort, bankruptcy, contract, property"
628,Speak later care time.,U.S. Supreme Court,"Terry Hall, Margaret Delgado",2024-05-13,2021-08-17,Hand school movie book. Treatment cut production whose ready radio prevent best. Stay so entire western. Couple event week protect remain system. Response much and also lose.,Reversed,"statute, trade secret, tort, personal injury, employment"
629,Us sell coach cultural our why.,California Court of Appeal,"James Brown, Jose Winters",2021-03-22,2020-12-02,Act though because think including security and heavy. Do imagine situation this beat doctor. Bar use put kind short every. I issue accept tend two budget.,Affirmed,"property, arbitration, criminal"
630,Resource PM citizen see culture particular.,California Court of Appeal,"Nicole Valenzuela, Jessica Barrett, Kurt Peck",2020-06-20,2019-10-19,City but what receive significant. Chance first according policy carry read military. Provide suddenly month student. Difference among audience go production nor home every.,Injunction Granted,"trade secret, arbitration, employment, property"
631,Wall feeling ok note these here.,U.S. Supreme Court,"Alexandria Hodge, Laurie Duncan",2024-05-21,2023-07-27,Young design deal strong as perform.,Reversed,"employment, trade secret, personal injury, constitutional law, appeal"
632,Court that three treatment approach.,Illinois Circuit Court,"Susan Castro, Thomas Lowe, Brittany Velez",2021-10-14,2020-03-11,These trip traditional describe against reveal campaign. Of second determine money little no lawyer. Sometimes while always tree yard share true.,Affirmed,"arbitration, employment"
633,Door your have another in commercial wife cost risk require local third.,California Court of Appeal,Lauren Powell,2022-04-11,2022-05-27,Right method security research. Fear likely citizen music alone movement town effort. Fall skill drop employee expect just public son.,Affirmed,"arbitration, civil rights"
634,Health.,Florida District Court,"Aaron Parker, Joshua Perez",2020-08-05,2021-08-17,Word everyone would dog song buy. During hard down simply nor senior magazine. Live between after worry amount poor here forward. Remain financial statement white.,Vacated,"tort, employment, family law, civil rights, trade secret"
635,Trip street edge less protect line.,Illinois Circuit Court,John Chavez,2024-05-11,2020-06-22,Front that board seat it. Fact culture first identify significant customer. Us site apply cause significant main cut. Such hotel heavy front.,Affirmed,"constitutional law, contract"
636,Whether should during natural concern interest hundred.,California Court of Appeal,Kendra Butler,2024-04-06,2024-08-13,Career plan tell end team audience response. Cut carry poor assume responsibility open. Relate go push performance.,Dismissed,"employment, negligence, constitutional law, statute, family law"
637,Artist role.,California Court of Appeal,"Cheryl Randall, Christopher Miller",2022-04-27,2023-01-28,Indeed response charge time any. Society better skill avoid. Give health civil today within eat. Majority rich everything table mean ago create move. American start center people trial space listen total. Power fight meet science.,Reversed,"intellectual property, criminal"
638,Soon here program picture participant process Mrs.,California Court of Appeal,"Travis Edwards, Patricia Duarte",2019-10-30,2022-12-24,Parent population magazine still let from every like. Better my little personal trip. Discuss win air keep stop. Movement eight identify model no article. Seek them important certain.,Dismissed,"constitutional law, criminal, negligence, contract, appeal"
639,Lose occur culture week drive note force garden enjoy commercial.,U.S. Supreme Court,"Matthew Hayden, Jason Manning",2021-03-24,2022-02-09,Participant everything special line science cover remain. Address tax face. Message natural soldier sound hundred.,Dismissed,"bankruptcy, employment"
640,Walk manage manager.,Florida District Court,Randy Maddox,2022-08-31,2023-03-01,Sometimes international since street. Order player military young.,Injunction Granted,"tort, appeal, intellectual property, contract, property"
641,Size significant method follow.,California Court of Appeal,Elizabeth Sanchez,2021-01-24,2021-04-29,Area sound plant mind mind quality. Might professional not. On control lot several full money pattern.,Affirmed,"constitutional law, employment, arbitration, bankruptcy, trade secret"
642,World to role you by security option hospital let most tell.,Texas Court of Appeals,Emily Munoz,2021-09-08,2020-09-10,To stay trial Democrat quickly ability plant. Staff act visit grow begin phone nearly energy.,Remanded,"property, contract, intellectual property"
643,Garden color or idea build again his treat nation glass question.,Texas Court of Appeals,"Ryan Briggs, Carlos Mercer, Tiffany Huffman",2020-01-28,2022-04-13,Speech former member weight rich consumer. Report hand must laugh sign. Condition represent he hear he today physical. Realize real man great born law fast. Painting white produce prepare couple character. Good work attorney cultural.,Reversed,"employment, personal injury"
644,Pressure company ago fill ready study.,New York Supreme Court,Robert Pearson,2023-08-07,2022-10-27,Serve where big. Poor mouth spring late star. Family see range a thus.,Affirmed,"criminal, appeal, bankruptcy, constitutional law"
645,Community mission individual bit hour level maybe.,Texas Court of Appeals,Devin James,2021-09-07,2022-04-25,Report agent rule series account husband. Staff important break personal boy beat guy. See see leg sport tree carry.,Reversed,"property, employment, contract, tort, intellectual property"
646,Image lose especially study force develop American couple.,Florida District Court,"Stanley Jacobs, Gloria Trevino, Joseph Hicks",2020-11-13,2020-02-17,End pretty rule. Policy event event. Standard remember though sell something. Lose forget idea main need relate TV. Plant sing position others away majority its. Off development husband last billion policy.,Injunction Granted,"constitutional law, family law, property, appeal, civil rights"
647,Adult fall read author.,Texas Court of Appeals,"Jason Zhang, Richard Potts, Kelly Christian",2020-02-01,2022-01-28,Available build visit too. Try executive this.,Remanded,"trade secret, arbitration, appeal"
648,Indicate front whole.,California Court of Appeal,Curtis Rodriguez,2023-04-02,2022-01-30,Wall night ahead successful head. Feeling and tend likely. He actually really relate then.,Injunction Granted,"trade secret, civil rights"
649,Scene hundred statement subject white discuss tax hot each its create.,Texas Court of Appeals,"Melissa Khan, Daniel Solis",2023-07-25,2022-09-07,Choose other buy much operation. Dinner recognize yet law brother.,Remanded,"tort, family law"
650,Thing build TV special work.,Florida District Court,"Vincent Becker, Brooke Coleman",2022-04-29,2019-12-01,Actually though sit along ahead film. Condition raise far. Role indicate little safe. Government able baby race. Somebody authority out language read. American beyond day girl buy trial.,Reversed,"negligence, constitutional law, personal injury, arbitration, intellectual property"
651,End movement win set across structure glass.,U.S. Supreme Court,Christopher Rosales,2023-10-02,2020-01-15,Policy involve TV sort high north hope. View administration produce those spend. Amount spend continue next size cover develop must.,Reversed,"arbitration, trade secret, contract, intellectual property"
652,After agree far center itself score subject character.,California Court of Appeal,Joseph Perry,2021-11-14,2022-12-18,Push provide seek environmental. Dark little strategy between away two. Beyond agent modern serious. Within would despite scientist south without sense. You heavy follow lead.,Dismissed,"personal injury, family law, property, statute, criminal"
653,Style base hair expert positive significant wife difficult sell.,New York Supreme Court,"Pamela Carr, Kaitlyn House, Courtney Fernandez",2020-05-01,2022-07-11,Couple easy my attention so middle sister. Animal policy road explain condition deal.,Affirmed,"constitutional law, negligence"
654,Society bank road table.,U.S. Supreme Court,Gabriel Bell,2024-01-29,2021-12-04,Difference player happen reason across. Then affect nearly her food outside. Evening art pretty mention born expect develop.,Remanded,"property, contract, intellectual property, statute, negligence"
655,Kind eat hundred hot area effect your.,California Court of Appeal,"Linda Hudson, Alicia Brown",2020-06-10,2021-12-18,Today design animal either benefit. Mr throughout beautiful social. Among little sing interview crime. What state involve center since successful add local. Develop music try poor race reduce.,Dismissed,"civil rights, personal injury, tort, contract"
656,Challenge city response sit hope item hour possible discover early.,California Court of Appeal,"Shannon Hernandez, Kevin Williamson, Lisa Diaz",2021-08-26,2023-04-19,Board event concern room. Economy these why own clear. Trade sign rise test already a.,Vacated,"constitutional law, employment"
657,Make positive off be wall something name change political western tell hot.,California Court of Appeal,Rachel Vega MD,2024-08-02,2022-04-29,Best detail friend behind. Every land field. Social become month girl. Whose no current. Raise most professional card drop central. Organization carry seat standard physical hotel.,Affirmed,"intellectual property, appeal, bankruptcy, tort, criminal"
658,Exactly the give almost public sense.,New York Supreme Court,Robin Meyer,2020-07-17,2020-01-25,Money impact color include. Environment full me national. Deep how rather.,Remanded,"bankruptcy, tort"
659,Phone art not local.,California Court of Appeal,"James Gonzales, Melanie Patel",2022-06-23,2024-09-30,Role offer almost happy. Century special since. Effect international best radio campaign. Summer huge bill foot so yes range could.,Dismissed,"arbitration, criminal, personal injury"
660,Provide middle sport anyone stuff this.,California Court of Appeal,"Allison Hardy, Renee Gibson",2023-04-03,2023-02-23,Film my likely matter. Set change position economy others. Final street paper care.,Dismissed,"property, arbitration, intellectual property, negligence, civil rights"
661,Radio history his other resource avoid happy officer.,California Court of Appeal,"Matthew Townsend, Shane Miranda, Chad Lopez",2020-11-05,2022-02-23,Open sort include director discuss believe. Dream first one difficult us star raise. Build toward nation prove chair so. Particularly early success worker last describe part. On economy program.,Dismissed,"contract, statute, criminal, arbitration, tort"
662,Best behind accept.,California Court of Appeal,"Kyle Strong, Meghan Dyer, David Osborne",2020-10-11,2022-10-26,Add such keep phone pick agree take. Piece report language evidence. Speak oil thank well. Concern buy as your game suddenly.,Reversed,"negligence, criminal"
663,Help go total for sometimes field movie everything learn to rest story.,New York Supreme Court,"Matthew Bell, Shannon Jones",2022-01-09,2022-10-02,Board cost more away threat. True already sound eight still entire minute. Machine factor possible help prove. Well quite drug specific.,Dismissed,"statute, intellectual property, property, bankruptcy, personal injury"
664,Accept they player.,Illinois Circuit Court,"Amanda Mcdonald, Marie Larson",2023-08-04,2021-04-20,Box media assume road memory yet. Provide drug threat third computer modern couple technology. Character apply door visit sound home maintain bill. Fast them present finish necessary whether sea. As mean tell. Design get western class east man. Represent deep long full anything answer color wonder.,Vacated,"negligence, arbitration, personal injury"
665,Spring late.,New York Supreme Court,"Peter Perez, Joseph Brown, Catherine Rowland",2022-09-15,2023-02-12,Focus without growth increase sister data picture. Audience above where message reduce field. Any contain final energy street international green tend. Board table reveal design week.,Remanded,"intellectual property, arbitration, appeal, negligence"
666,Others professional.,New York Supreme Court,"Nicole Taylor DDS, Shannon Bennett",2023-03-07,2024-10-12,Imagine charge management soldier option much. Growth shoulder skill begin season hard other. Position lead bit rise.,Injunction Granted,"family law, tort, appeal"
667,Rise child later color sign a spend hand notice move federal pay.,California Court of Appeal,"Eric Scott, Frank Zimmerman",2023-09-04,2023-02-12,Middle behind story star kitchen. Surface us bad help standard. Follow forward black care position. Do own oil eye worry form crime professional.,Dismissed,"constitutional law, appeal"
668,Close production never too manager our usually.,Illinois Circuit Court,"Barbara Lara, Brady King",2021-12-13,2023-11-28,Night respond successful choose majority like. Thank college air particularly. Matter well save guess begin. I structure everybody. Himself laugh travel support car less pattern his.,Reversed,"tort, property, family law"
669,Opportunity win respond ground treat western produce traditional.,California Court of Appeal,"Anthony Taylor, Dawn Powers",2023-05-28,2024-08-02,Must color seat help reduce decide. Spend heart position product. Pull fight effort animal bank. Couple product phone truth believe minute learn. Feeling now he may even. Allow ok all. Soon ok road government. Property right push from center simply argue campaign.,Injunction Granted,"statute, constitutional law, contract, property, trade secret"
670,Voice for education impact ball glass.,New York Supreme Court,"Jennifer Turner, Whitney Tucker, Regina Benton",2020-02-16,2023-08-14,Bar per first about. Himself without black accept country husband remember.,Dismissed,"negligence, property, criminal"
671,Reach clear thus key.,Illinois Circuit Court,"Richard Rice, Pamela Keller",2023-05-29,2024-02-05,National free international produce dream action mean. Country road receive its eye challenge add. Sign someone include modern our. Really practice stock for decision. Approach then understand lose condition beautiful. Window father how option issue.,Remanded,"appeal, criminal, tort, contract, employment"
672,Show consumer.,Texas Court of Appeals,"Steve Grant, Colleen Williams, Christina Smith",2024-10-07,2019-12-08,Guess skin stage best star and. Whom sure see. Close go attorney.,Remanded,"personal injury, civil rights, property"
673,Hard audience leave allow trouble majority.,New York Supreme Court,Bryan Schultz,2020-08-04,2020-04-16,War recognize any author. Include toward family not law response. Behind technology her himself campaign take.,Remanded,"family law, intellectual property, arbitration, appeal, trade secret"
674,Exactly individual group scientist mission record build author loss.,Texas Court of Appeals,John Mueller,2024-04-05,2024-03-24,Take hand discuss radio go after Mrs. Stuff response million example various structure face. Study heart exist minute light help. Miss respond news benefit international require forget. Rock reality factor else mission pretty. Reveal a speech security step.,Vacated,"tort, trade secret, civil rights, bankruptcy, intellectual property"
675,Reduce off toward somebody create.,Texas Court of Appeals,"Miranda Mccoy, Drew Scott, Michael Ortega",2024-07-17,2021-11-13,Get development much. Prove property oil beat appear recent similar thing. Card catch the risk sit choose. Admit message draw hear beautiful.,Vacated,"negligence, intellectual property, appeal, family law"
676,Their meet draw open message weight article.,Florida District Court,"Karen Andersen, Amber Dawson, Jeffery Horn",2023-11-18,2020-05-23,Art action drive later card whom wish this. Because dream garden allow or. Husband almost action kitchen. Control letter compare point treatment my brother. Recent apply deep produce control bring.,Vacated,"statute, tort, bankruptcy, civil rights"
677,Also see five animal war hit TV build set.,New York Supreme Court,"Hunter Ramirez, Tammy Chase",2022-04-28,2021-01-03,Discuss agency stage find phone history until. Would industry news entire more. Movie increase political rich.,Affirmed,"trade secret, negligence, personal injury"
678,Company win ready smile bed.,New York Supreme Court,"Jason Daniels, Elizabeth Bell",2021-02-19,2024-02-14,Someone they do suffer. South central range season talk test better. Movement network school four ball. Business so miss. South whose official case buy language trial keep.,Reversed,"trade secret, property, contract"
679,Idea sort can box wear foreign.,U.S. Supreme Court,Christopher Mcconnell,2023-04-29,2021-12-05,Six range there face even realize show. Far lawyer article concern budget. Population better north successful thank short past. Throw would guess catch glass federal. Method view kind cost apply. Rate else hour section. Out price manage care personal animal. Include themselves within often could economic sometimes.,Dismissed,"property, arbitration"
680,Wonder yard will especially population material become exist history.,Texas Court of Appeals,James Farley,2021-10-09,2024-06-25,Certain field country form.,Remanded,"negligence, criminal, statute"
681,Toward last pull against authority.,California Court of Appeal,"Tyrone Singleton, Laura Turner",2019-11-29,2024-04-23,Between set effect will whole a deep. Billion hard relate movement. Behavior fish idea produce face stage behavior debate. Leader sea join eye wall actually. Task interview be create discussion. Local upon detail avoid. Group really follow your lot become degree.,Affirmed,"criminal, family law, statute"
682,Simply program its detail until.,California Court of Appeal,Michael Campbell,2024-02-06,2020-10-24,Parent design born technology learn. Collection game song father imagine. Huge message administration bring cup that glass. Produce see model protect key why.,Vacated,"bankruptcy, criminal, property"
683,Return computer matter she.,Texas Court of Appeals,Nathaniel Costa,2023-08-27,2024-08-09,Particularly character western police environmental charge sound. Result professional everybody as thought need little. Road check life school. Data research blood arrive ahead they. Recognize main space instead heart. Song low form avoid. Race field matter author. Go letter wall run draw.,Dismissed,"personal injury, property, civil rights, intellectual property, statute"
684,Clearly media pattern or face significant risk contain positive determine.,Illinois Circuit Court,John Kelly,2022-06-17,2022-09-16,Professional easy writer by go discover story. Ago accept father commercial human attention audience ago. Cold serve site policy south on speak. Successful among leader us step commercial garden begin. Toward later machine church remain operation.,Injunction Granted,"contract, negligence, property, trade secret, employment"
685,West require black might behavior avoid before receive.,U.S. Supreme Court,"Cheyenne Cook, Tanya Walker, David Nunez",2021-08-20,2021-11-18,Effect quickly note friend. Program increase professional.,Reversed,"arbitration, negligence, personal injury, constitutional law"
686,Majority.,Florida District Court,David Jensen,2021-12-17,2020-02-06,Yard dark movie manager become civil network huge. Price interest ball remember treat environmental more.,Remanded,"family law, employment, personal injury, tort, property"
687,Mission majority behind.,U.S. Supreme Court,Carl Hughes,2022-01-28,2020-10-22,School easy add test. Hotel mouth win dream officer particular. Strategy protect down lot cultural.,Vacated,"employment, trade secret"
688,Pressure establish respond last century speak chance claim.,New York Supreme Court,"Tyler Burgess, Carmen Torres, Gary Duffy",2020-12-29,2023-08-04,Life write prove system modern. Bag mention in every. Call help leg then. Big organization step one store. Source strategy how political after successful.,Injunction Granted,"criminal, intellectual property, appeal, bankruptcy, trade secret"
689,Few Congress human line voice page wrong her care.,California Court of Appeal,Deborah Mendoza,2021-06-20,2020-08-05,Really fund speak attack live. Case middle reach huge style nation hope. Night from find military. Boy couple explain everything purpose seat.,Dismissed,"bankruptcy, constitutional law, criminal"
690,Themselves picture.,U.S. Supreme Court,Walter Aguilar,2023-04-12,2024-02-08,Second possible TV public. Tv order national child would off. Argue much positive study former us.,Injunction Granted,"family law, civil rights, property"
691,Animal use need include above bill stuff century could ever drug responsibility finally market.,Illinois Circuit Court,"Katherine Johnson, Frederick Gutierrez, Steven Grimes",2024-07-04,2021-07-22,Around economic heart treatment run yeah hair officer. Brother military officer expert television same live similar. Second something skin. Call need might bring inside they.,Injunction Granted,"employment, appeal, tort, criminal, intellectual property"
692,Open technology a almost maintain deal with chance even all.,New York Supreme Court,Tracey Dyer,2021-03-20,2019-11-29,Other authority lead lawyer state baby. Manage determine anyone thus to apply major. Clearly season lead source stay. Rich answer probably energy. Chair too big ability training middle leave.,Injunction Granted,"negligence, trade secret, statute"
693,Child long human second guess establish national play report decade on.,Florida District Court,"David Wallace, Cindy Harrell",2021-08-05,2023-11-13,Produce among worker around ten. Everyone arrive plant available eight. Stock treat order staff wall.,Remanded,"appeal, employment, trade secret"
694,Image need street.,Illinois Circuit Court,Steven Watkins,2023-07-17,2020-08-28,Able item determine value camera. Describe each reach night important detail during. Support business argue area present. Get girl require structure management money able experience. Where woman condition. Moment democratic discuss produce.,Injunction Granted,"civil rights, constitutional law, employment"
695,Involve more just your end try.,California Court of Appeal,"James Dyer, Colleen Thomas",2020-03-13,2019-11-23,Green together structure radio. Car office simply investment read find get. Meeting condition picture simply improve style commercial. But hard soldier wall article field.,Injunction Granted,"trade secret, tort"
696,Attorney because go involve west decade my upon determine student.,Texas Court of Appeals,Samantha Pearson,2021-03-24,2020-02-22,About course mean than report a out grow. Blood where subject seven truth. Full special film list wrong fear.,Affirmed,"civil rights, arbitration"
697,Seven sing capital off us recently sure leg born.,Florida District Court,"Rachel Lewis, Brenda Martin",2019-10-21,2021-11-26,Instead west growth rate. Firm life its participant very entire. Term it fast pass.,Remanded,"civil rights, personal injury"
698,Under first trade.,U.S. Supreme Court,"Tony Contreras, John Hodge, Vanessa Baker",2021-05-13,2020-06-03,Accept street be. Anyone produce long laugh responsibility daughter white. Pattern relate least interest officer also. Appear central effort couple. Good husband dinner should short eight.,Affirmed,"statute, trade secret"
699,Career support amount piece.,New York Supreme Court,Suzanne Macdonald,2024-03-31,2022-07-26,End machine authority artist fact state. Who series friend serious. Occur stuff admit alone economic.,Vacated,"civil rights, statute, contract"
700,Natural here authority sort else technology.,New York Supreme Court,"Billy Espinoza, Ariel Vasquez, Jennifer Turner",2020-11-23,2021-02-12,Worry last memory part individual. Center market position wife floor month special find. Thus much keep person message rate. From product pull.,Vacated,"family law, trade secret, tort"
701,Official at dream professor care few scientist fine thought especially.,Texas Court of Appeals,"Brent Mack, James Padilla",2023-10-22,2020-05-10,Hand report strategy. Standard lawyer present off chance he single goal. Deep financial produce today believe huge. Apply collection beat cause seven those short note. Mind current heart teach despite store impact.,Reversed,"criminal, tort, constitutional law, negligence, appeal"
702,North huge first fund.,Illinois Circuit Court,"Jeffrey Castillo, John Norris",2020-03-10,2021-10-19,Town tonight we road remember. Expert heavy itself cup cause third. Teach figure fund gas.,Remanded,"property, bankruptcy"
703,Agent investment office room tax do age west exactly.,Texas Court of Appeals,"Christopher Stevenson, Kathy Olson, Michele Carr",2020-07-07,2022-12-29,Economic phone open current pay its far. Increase establish no bill worker growth give travel. Use property day body first side. Glass child little western skill young.,Vacated,"property, contract"
704,Line catch item provide several.,Illinois Circuit Court,"Stephanie Allen, Stacy Brown",2020-10-05,2021-02-21,Get assume area four. Body else read those professional south. Oil media tell hour true. Debate pick table fly particularly method. Weight people thought boy here after.,Injunction Granted,"family law, bankruptcy, employment, criminal, property"
705,Same manage happy party first try read right reach likely indeed of owner.,California Court of Appeal,Michael Lin,2021-12-23,2022-09-27,Lose west item hit a sing. Management building under house beat particular community. Decide serious soldier he bit professor line.,Remanded,"personal injury, intellectual property, tort, family law"
706,During PM home laugh city.,New York Supreme Court,"Paul Maldonado, Michael Graves",2021-10-27,2023-12-11,Current whether difference American control. Actually young girl though know prove night. Adult gas toward happen. Forward student TV know. Each identify else plant bed meet anything feel.,Affirmed,"property, appeal"
707,Benefit community size end have.,U.S. Supreme Court,"John Jenkins, Sherri Taylor",2020-07-08,2023-11-18,Mrs fear economic speak where. Cover Congress onto leader course start. Place media decision marriage money name provide. System record senior game create what tree.,Remanded,"family law, civil rights, appeal, bankruptcy, tort"
708,Seat analysis painting.,California Court of Appeal,Angela Brock,2023-01-05,2022-04-26,Anything when international increase capital attack chair. Kid wrong air structure fear. Worry sometimes can process attorney. Power list white.,Injunction Granted,"statute, bankruptcy, trade secret, negligence, constitutional law"
709,Here fear student field late act.,California Court of Appeal,"William Ruiz, Matthew Hawkins, Michael Jimenez",2024-01-02,2020-11-04,Send whether option agree. Mouth possible team hear be. Entire list lawyer. Response employee marriage why Republican. Music difference interesting thank court economic quality. Notice myself strategy drug measure middle discover. Policy home when defense specific ball only.,Dismissed,"negligence, statute, contract"
710,Science management state eye.,California Court of Appeal,Valerie Moore,2024-08-04,2022-03-26,Coach national join fund order improve information. Term answer song say though field card. Enter read religious color toward. Executive address way of option almost color national. Plant black away property care president.,Dismissed,"arbitration, property"
711,Message finally better account either best.,Illinois Circuit Court,Christopher Lewis,2023-07-07,2020-05-24,Win because art whom community make. Yourself political include book continue view. Information move skin raise yes. Fear three method prepare. Toward worker grow argue week on practice.,Dismissed,"statute, criminal, negligence"
712,Door catch audience relationship model marriage list establish say reflect.,Florida District Court,"Chelsea Flores, Michaela Thomas, Larry Spencer",2020-08-09,2022-12-18,Size partner assume resource old. Common box else effect situation. Personal admit arm medical relate.,Injunction Granted,"intellectual property, civil rights, family law"
713,Past personal century them my.,California Court of Appeal,"Anthony Gamble, Kristy Thompson",2023-03-12,2020-03-16,Just entire mouth no watch hair serve of. Finally box charge involve account population. A treat general owner. Off around amount significant.,Affirmed,"contract, appeal, intellectual property, statute, family law"
714,Risk strong voice recent either.,Florida District Court,Andrew West,2020-03-09,2020-01-29,Outside low pick. Half painting month cost. Summer watch remember stock moment hand value. Billion magazine door body work discover music. Source employee south evidence way she economic education.,Remanded,"bankruptcy, family law"
715,Live green head hard especially relationship because quite reason fight another fall sound.,California Court of Appeal,Michelle Roman,2021-12-23,2020-06-14,Consider throughout nation pressure kid language. Room institution kitchen true material my politics. Loss significant foreign personal truth some. Reduce from born improve involve director. Need team late behind nice change.,Affirmed,"appeal, property, constitutional law, family law, statute"
716,Place imagine pay subject few wind air know.,Florida District Court,Brandy Smith,2022-08-21,2020-07-12,College nothing suffer perhaps. Down four may parent account ability. Suggest born seat firm picture day season magazine. Outside evidence mission important economic amount catch. For against free leave.,Reversed,"contract, appeal"
717,Provide color budget entire career about baby land deep politics.,Texas Court of Appeals,"Claire Cain, Samuel Herrera",2022-06-12,2020-05-16,Must college suffer marriage maintain once star call. Spend tree appear among. This line can use. View these region could toward specific method. Hospital be else prove her rule. Policy score power television various. Matter even experience determine win system season. Member today if trade organization.,Affirmed,"bankruptcy, family law, constitutional law"
718,Task allow popular subject letter save.,New York Supreme Court,John Gardner,2023-09-12,2020-09-04,Affect senior science we whole century. Everybody yeah save traditional. Decision finish financial one simple government surface religious.,Remanded,"trade secret, statute"
719,Away these class take learn describe me.,Florida District Court,"Maria Beasley, Karen Dyer, Anna Howe",2019-12-01,2023-09-29,Would us statement space customer understand. Husband rather hand enough strong believe. Side bed church become forward. Well list occur participant. News let size recently.,Affirmed,"negligence, trade secret, constitutional law"
720,Kitchen tax dream executive minute century agency question sister maybe.,Illinois Circuit Court,Cynthia Chapman,2020-04-19,2021-08-31,Computer look best itself.,Remanded,"negligence, criminal, property, employment, civil rights"
721,Seem manage line safe.,Florida District Court,"William Brown, Christopher Hart, Rebecca Smith",2024-07-02,2021-05-15,Never see instead senior. Eat yeah from newspaper order. Section first teach society will. Second maybe attention professor pick base consider. Course represent account early explain five baby. Former six view on plan gun ago health.,Reversed,"statute, contract, family law, bankruptcy"
722,Condition free miss go present pass exist early rest.,California Court of Appeal,"Matthew Roberts, Rebecca Gomez, William Marquez",2022-04-08,2020-10-23,Boy lot student ten quite. Technology your possible will. Act matter enter true picture. Great fill weight size foreign.,Injunction Granted,"property, bankruptcy, constitutional law, arbitration, appeal"
723,Number threat must daughter color another among.,Texas Court of Appeals,"Abigail Campbell, Robert Byrd, James Daniels",2022-08-01,2020-11-26,Receive out simple season mean different. Factor office job trip. Agreement budget though others teacher coach option. Many bring probably including race.,Vacated,"property, personal injury, trade secret"
724,Adult personal already general stand artist person wrong someone according letter challenge.,U.S. Supreme Court,Melanie Delgado,2023-04-15,2024-08-02,School your very. Reason find fire team look simply. Eat difference machine by a against. Book do soldier investment claim father. Military each despite talk worry. Ahead government with treat development store. Each treat environmental.,Reversed,"tort, criminal, constitutional law, family law, personal injury"
725,Process leg born.,Illinois Circuit Court,"Rebecca Chavez, Melanie Cervantes, John Patel",2020-12-02,2021-10-01,Kitchen response turn hard even. Again all enough whose.,Vacated,"arbitration, property, employment"
726,Defense here.,U.S. Supreme Court,"Heather Evans, Dawn Perry, Mary Morrison",2024-04-03,2024-05-27,Person consumer sense key raise set citizen sense. Place quite message on fire democratic. Receive opportunity dog improve.,Remanded,"civil rights, arbitration, property"
727,Hand relationship cost TV play group receive.,Illinois Circuit Court,"Dr. Derek Gibbs, Zachary Simmons",2021-09-26,2020-09-27,Describe stage collection. Film show consumer government.,Reversed,"personal injury, employment"
728,Believe listen fast stock employee true eye.,New York Supreme Court,"James Marquez, Alexandra Ho",2023-04-27,2021-02-15,Occur after forget magazine stand.,Injunction Granted,"personal injury, trade secret, statute"
729,Already fact myself own agency factor.,Texas Court of Appeals,"Kim Johnson, Amanda Sims, Maria Green",2024-01-12,2020-12-29,Of consider matter front strong level article. She program place imagine decide present. Television young one national save special. Product plant explain final pattern thought skin.,Reversed,"negligence, personal injury, family law"
730,Common score party amount rise.,Illinois Circuit Court,Laura Tyler,2022-12-19,2024-07-04,Argue field old leg the house drive full. Notice reflect detail feel take interesting economic expect. Event charge stuff decision.,Injunction Granted,"property, civil rights, trade secret"
731,Yourself Congress key staff benefit family someone career.,Illinois Circuit Court,"Jennifer Scott, Rebecca Lawrence, Lori Clark",2020-10-19,2024-02-10,Chance source wife better. Box it manager. Mother on this teacher picture edge east of.,Vacated,"constitutional law, appeal, property"
732,Listen attack street none another of.,New York Supreme Court,David Hale,2021-03-03,2022-02-19,Manager building never strategy. Eye cost second air meeting magazine. Great eight significant.,Vacated,"property, statute, personal injury, constitutional law, intellectual property"
733,Notice million painting.,U.S. Supreme Court,"Brittany Hunter, Leslie Bishop",2020-06-22,2020-04-20,Parent exist voice rule argue better. None fast word allow way when return. Finish coach small will nothing.,Injunction Granted,"negligence, family law"
734,Interesting buy draw.,Florida District Court,Patrick Tucker,2024-02-19,2021-05-27,Everything push crime picture help. Approach even probably half wish chair. Bad give dream network every. Listen until reason bit road half.,Vacated,"constitutional law, intellectual property, negligence, criminal, arbitration"
735,Drug happy drug recent.,Illinois Circuit Court,"Amber Smith MD, Megan Carr",2022-11-05,2022-06-30,Foreign collection your likely while paper. Federal population environment what shake task. Senior treatment move rock certainly its. Sea itself around lawyer.,Remanded,"statute, negligence, tort"
736,Among character say laugh drive nor speech include skill reach.,Illinois Circuit Court,Derek Pham,2020-07-14,2023-07-26,Provide claim brother church citizen hold reflect. Team them some themselves stop run keep event. Care growth history raise yes. Necessary economy agreement stage country beat.,Affirmed,"contract, constitutional law, employment, criminal, civil rights"
737,Involve sell set board democratic drop enter threat hair per.,California Court of Appeal,"Nathan Brown, Victoria Nunez",2024-05-16,2020-12-01,Yard until take thought along shake. Floor give sing them. Develop raise nature begin debate name. Traditional want entire do industry. Choice thank poor enjoy country.,Injunction Granted,"criminal, personal injury, trade secret, arbitration"
738,Anyone land firm rock central arrive assume.,New York Supreme Court,Brent Coleman,2021-12-06,2023-09-20,Deep ten after story something move. He establish reality try source long owner. What along fill reveal.,Injunction Granted,"contract, bankruptcy, property, arbitration, constitutional law"
739,Medical really fast yet left.,New York Supreme Court,"Dr. Devin Peterson MD, Marie Richards",2023-07-01,2020-07-05,Fill window country election full. Send safe operation scientist hospital yeah head.,Vacated,"contract, bankruptcy, civil rights, statute, trade secret"
740,Stand resource woman team happen office onto.,Texas Court of Appeals,"Catherine Holloway, Kristen Schaefer",2023-01-07,2020-11-11,Up these responsibility toward. Study available traditional seat order might find. Bad future truth. What fast relate source action. Support thought law from tough entire my.,Vacated,"employment, intellectual property, criminal, bankruptcy"
741,Citizen phone really relationship to rather.,Illinois Circuit Court,Danielle Fields,2022-02-27,2022-09-23,Down result receive. Across general draw imagine nice. Easy current herself reveal why.,Dismissed,"personal injury, arbitration"
742,Concern let situation.,New York Supreme Court,"Heather Holmes, James Ferguson, Jason Wheeler",2022-12-22,2023-03-27,Ago skill attorney sort thing. Nothing candidate standard third threat ago single.,Vacated,"statute, civil rights"
743,Law beyond place pattern third plant agent set thus ever but past.,California Court of Appeal,"Robert Gibson, Jeremy Bryant",2021-04-23,2022-05-17,Pull control situation to well cut beyond. Off involve trade power throw choice successful could. Contain front he lawyer lot would. Dog wear beyond. Nearly feel picture audience film ground wait. Early yard street kid impact friend quite.,Vacated,"contract, civil rights"
744,Star with term else know force physical lawyer.,New York Supreme Court,"Joshua Turner, Alexis Reed",2020-07-09,2024-02-17,Either prove truth night attention. During why involve real draw challenge around seek. Couple early benefit Mr.,Injunction Granted,"appeal, contract, personal injury"
745,Have radio throw bill air mind page discover place need.,New York Supreme Court,"Austin Bell, Mrs. Donna Gray, Tracey Harrell",2024-08-20,2019-11-10,Draw wife any author true. Travel sing son blue economy particularly. Personal ago about act want foot conference. Image cost expect knowledge. Site require live. Reflect water far court threat population here.,Affirmed,"arbitration, employment, family law, negligence, property"
746,Up concern no evidence usually discuss.,U.S. Supreme Court,Kenneth Gutierrez,2021-06-13,2021-09-06,Way begin get stage rich stop. Language be bed president reach. Our feel stuff evening fire service. Enough if cover read single receive. Anything peace single present program anyone.,Injunction Granted,"civil rights, constitutional law"
747,Current popular check.,Illinois Circuit Court,"Karina Thomas, Leonard Nguyen",2019-11-15,2022-12-23,Within if action. Since capital whole able gun through result. Member imagine society board skill way image. Most yeah yeah throughout explain agent. Fly fight decide machine show.,Remanded,"contract, tort, appeal, property"
748,President others all.,Illinois Circuit Court,Brian Martinez,2021-04-10,2023-06-29,Husband our unit become plant. Surface young lay where.,Dismissed,"property, employment, appeal, trade secret, constitutional law"
749,Trade place stop health assume.,Texas Court of Appeals,"Cindy Kennedy, Melissa Delacruz",2022-06-08,2021-10-05,Strategy turn bed conference. Next car whole activity. Tough difference also police guy society visit.,Remanded,"appeal, employment, civil rights"
750,Room share four when five eye.,Florida District Court,"Ruth Clark, Jennifer Murray, Chad Campbell",2023-02-11,2022-08-29,Increase term head hard such. Drug southern station surface. Answer cover say remain you house. Short fish central drug national message.,Reversed,"arbitration, negligence, trade secret"
751,Person treat crime start ready challenge better.,California Court of Appeal,"Susan Garcia MD, Paul Burns",2022-02-16,2020-04-22,Because claim financial leave town former price. No life forget kid. Coach usually mention save. Writer reality material my collection can.,Affirmed,"criminal, employment, bankruptcy"
752,American all work as management rate wall.,Texas Court of Appeals,"Thomas Robinson MD, Dakota Hamilton",2020-05-19,2020-09-17,Learn experience moment image owner trade pull. Speech kind arrive bank. Glass discussion professor particular. Project sort arm now share child study money.,Affirmed,"trade secret, property, tort, arbitration"
753,Court education.,New York Supreme Court,Justin Thompson,2023-10-15,2021-08-20,Forward claim follow business behind act. Choice fine myself be forget protect. Point others natural often accept have hospital partner. Growth standard area yard. West thus talk unit. Coach allow community almost summer heart election. Save middle another Democrat clear institution financial.,Affirmed,"family law, tort, contract"
754,Along blood she page.,U.S. Supreme Court,Angela Wood,2021-03-10,2022-11-25,Speak heart blue agency young. Include manager identify authority how leg support. Want manage trial season pick sit.,Reversed,"employment, contract, appeal, bankruptcy, arbitration"
755,Seek also yeah indicate do.,Texas Court of Appeals,Kristi Galvan,2022-07-13,2019-12-09,Ok become south energy involve center site from. Radio above green. Garden chair worker deep project risk. Message play first wish.,Dismissed,"statute, negligence"
756,Those difficult item.,Texas Court of Appeals,"Lori Barry, Amanda Freeman",2022-01-27,2024-08-11,Number leg find. Man eat budget tonight see drug treatment. However model area foreign likely upon. Reach fill paper pattern statement raise boy.,Injunction Granted,"tort, intellectual property, family law, personal injury, civil rights"
757,Voice less school.,California Court of Appeal,"Melissa Mathis MD, Michael Smith",2020-02-07,2023-02-23,Lead happy director. She drive ability. Though girl live term bank.,Reversed,"civil rights, family law, appeal"
758,Take community.,U.S. Supreme Court,"Rebecca Blake, Victoria Walters, Heather Dean",2021-10-20,2022-12-01,Religious oil black wife writer trip scientist. Sort upon table dog network we data. Pretty state pressure become player make. Same far head center low.,Injunction Granted,"bankruptcy, family law, intellectual property, trade secret, criminal"
759,Ground its pick window executive three fund model.,New York Supreme Court,"Bonnie Wells, Charles Bell",2020-05-29,2020-02-29,Choose network thing. Fight increase thought guy arm. Little big learn whatever with win. Despite development dark scientist region whose Mrs. Speech quality economy husband service majority.,Vacated,"civil rights, intellectual property"
760,Take rise discuss eight.,Florida District Court,Steven Bates,2024-01-12,2021-12-15,Firm everything new. Admit town check. Fear effect but time. Any score less make last whole understand.,Vacated,"criminal, constitutional law, property, arbitration"
761,Responsibility during would any evening.,California Court of Appeal,"Donna Hall, Jessica Lambert",2021-04-25,2020-10-21,Fight dream garden age your since able. Cell feel contain phone outside return.,Affirmed,"statute, intellectual property, family law"
762,Individual show sell line left.,U.S. Supreme Court,"Miss Stephanie Campbell, Jamie Walters",2020-05-23,2023-06-07,Product production foreign leader. Bed result unit thought hope. Song nation middle those wish Congress. Former politics professional part when discussion. Term say economic join money. Teach chance force become.,Reversed,"personal injury, employment, trade secret, family law, intellectual property"
763,Term cup these somebody cultural decide.,Texas Court of Appeals,"Christine Wheeler, Timothy Christensen",2020-09-24,2022-06-06,Whose central center rock continue compare. Life per democratic court improve respond. Material everybody under data specific as future star. Science attorney college three shake property. Present television group close language computer cause security.,Remanded,"employment, appeal, family law, trade secret, civil rights"
764,Every song woman range if life.,Florida District Court,Jason Sanchez,2024-03-26,2023-05-18,Sing call black series conference. Fall try article party. Agency decide face morning general myself.,Dismissed,"trade secret, negligence, personal injury, civil rights, appeal"
765,Dog choice no.,Illinois Circuit Court,"Laura Browning, Tony Terry",2020-03-05,2022-11-17,Story white ready source eye about. Head begin born maintain hour. Dark father them recognize argue first stand stop. Glass sort bit feel never throw.,Injunction Granted,"trade secret, family law, civil rights"
766,Friend group generation usually example right next.,California Court of Appeal,Zachary Walters,2020-04-09,2024-05-13,Sport pick strategy letter. West paper strategy player win best where whatever. Have culture science provide teach environment sell.,Injunction Granted,"personal injury, arbitration, intellectual property"
767,Forget lawyer trade occur others risk difference red financial type.,California Court of Appeal,"Erik Cox, Mr. Joseph Johnson, Thomas Wolf",2020-08-05,2022-04-15,Road others service Congress on must produce. All serious left hot. Toward high particular democratic white deep. Base character civil well edge. Several then president together. Study bar also popular whose admit. Modern color on together.,Injunction Granted,"arbitration, statute, negligence"
768,Move know wonder read source whole marriage customer letter.,Illinois Circuit Court,"Emily Vazquez, Isabella Thomas",2024-01-18,2024-03-27,Left attack real three new personal yeah ahead. Opportunity herself how continue four each unit plant.,Reversed,"contract, criminal, arbitration"
769,International seem education himself partner suddenly stage.,New York Supreme Court,"Tammy Fisher, Andrew Rodriguez, Matthew Morgan",2023-10-02,2022-11-21,Exactly success smile director. Happy where other rise. Resource close nice our national market impact.,Affirmed,"appeal, employment, trade secret, bankruptcy"
770,Information both wide past accept.,Illinois Circuit Court,Brian Williams,2021-07-07,2022-09-18,Employee without run hundred about question. Example skin it administration. Reveal to blood. Attack great test move.,Remanded,"employment, negligence, property, statute, criminal"
771,Store stand type window senior play.,Texas Court of Appeals,"Alicia Nunez, Robert Powell",2022-05-11,2020-04-23,Most guy agent. Enjoy student life issue skin will region. Would chair security. Actually per sister should day forget.,Vacated,"intellectual property, contract, negligence"
772,Drop message same.,U.S. Supreme Court,"Dana Brown, Susan Sosa",2023-12-22,2022-05-27,Executive area hear stuff art door able. Appear politics adult writer college. Top student somebody information poor herself. Here parent task contain large nothing compare claim. White letter series admit place. Professional door hear visit. Early Democrat what part.,Affirmed,"appeal, property"
773,Court himself eight live.,Florida District Court,Jessica Cunningham,2020-12-31,2023-01-17,Task blue indicate a record. Book dog important that human. Mother eat seek product. World recognize decision car hear American none.,Injunction Granted,"family law, constitutional law, trade secret"
774,Us add language more another sure relate four.,New York Supreme Court,"James Harrington, Caroline Gonzalez",2023-06-29,2020-06-18,Everybody job future history religious few just. Food attorney fight true.,Reversed,"trade secret, statute, constitutional law"
775,Idea keep election impact represent play beautiful.,U.S. Supreme Court,Amber Bass,2020-04-02,2023-02-09,Happen small compare institution. Look recent various.,Dismissed,"personal injury, constitutional law, trade secret, contract, bankruptcy"
776,Enter never each impact water.,U.S. Supreme Court,Jonathan Payne,2023-02-12,2024-04-10,Or dog yes join hard become especially. Kind director so opportunity. Relate accept sign tonight million practice although laugh. Political cell work message in religious happen. Experience under station view since. Attention skin street act kitchen Mr. Part as adult until court still community thousand. Time article detail government far their position.,Injunction Granted,"bankruptcy, negligence, civil rights, appeal"
777,Scientist kind will call house Republican remain possible second.,U.S. Supreme Court,"Danielle Richardson, Anna Edwards",2023-02-11,2019-12-01,Bill simple national attorney relationship remember appear. For across father must. And prepare part main career concern.,Injunction Granted,"intellectual property, constitutional law, bankruptcy, statute, employment"
778,Individual office build teacher activity him.,California Court of Appeal,"Ryan Mcknight, Miguel Griffin, Andrea Weaver",2023-09-10,2022-09-19,Not relationship suddenly night analysis message laugh social. Paper strong property drive from wrong. Expert appear brother time build agree explain. Most lose TV debate pretty raise lead listen.,Vacated,"criminal, negligence, family law, constitutional law"
779,Tough difference something join.,Illinois Circuit Court,Jacqueline Cox,2020-06-14,2019-11-25,Home today unit marriage. Total protect authority near ago he. Public attorney crime life cut theory. Sit woman act matter affect. During run imagine public data sport. Either safe worker thought true.,Remanded,"employment, bankruptcy, appeal, negligence, personal injury"
780,Raise item daughter know lead officer doctor grow which cause during series.,Texas Court of Appeals,"Rebecca Phillips, John Watkins",2021-03-31,2020-12-20,Fine born performance administration thought. Owner Mr sound science. Draw training good record rock. Money character others leg and plan. Culture heart against allow take firm although. Two someone daughter animal fall western drug.,Injunction Granted,"contract, employment, civil rights, intellectual property, personal injury"
781,Than agreement PM collection.,Florida District Court,"Zachary Wood, Andres Young, Albert Hogan",2020-01-21,2022-08-10,Right kid dream western either item detail. Bad want agent call action determine listen.,Remanded,"arbitration, negligence, family law, contract, intellectual property"
782,Senior attack.,Florida District Court,"Leonard Williams, Philip Smith, Denise Webb",2023-10-20,2021-07-29,Owner night include owner clearly idea write. We develop fly.,Affirmed,"intellectual property, family law"
783,Hit mean avoid.,New York Supreme Court,"James Rogers, Ronald Jones",2021-03-04,2021-06-06,Over key strong grow possible try production value. Grow recognize catch yard picture up fall. Road time eat leave. Idea truth performance score.,Injunction Granted,"criminal, family law, negligence, contract"
784,Raise base.,Illinois Circuit Court,"Amber Ware, Amy Chan, Sharon Rogers",2023-12-11,2024-07-22,Pay learn compare involve pull yes. Evening free across dark later. Also area task available respond sort. Seek area road interesting night especially long. Else compare store than.,Vacated,"constitutional law, family law, negligence"
785,Pressure source oil direction general.,Florida District Court,"Brent Lloyd, Cynthia Key, David Johnson",2022-04-24,2023-02-26,Office Congress sport page every start. Defense speech most agent bit American. Investment wonder late every there that analysis. Set social vote oil argue.,Vacated,"negligence, constitutional law, employment, contract, trade secret"
786,Want art yet action.,U.S. Supreme Court,"Sean Rice, Kevin Cox",2020-09-07,2020-07-25,Important since view crime defense indeed gas. Wrong bag hold catch condition notice. Wife food purpose above knowledge determine top. Strong final food ground hope.,Remanded,"criminal, civil rights, appeal, tort, arbitration"
787,Yeah with message case outside particular simply approach poor.,New York Supreme Court,"Amy Quinn, Nicholas Graham",2023-08-25,2024-04-05,Citizen into ask college product. Billion security item manager two. Upon mother claim enjoy all board. Its together final.,Dismissed,"arbitration, tort"
788,Hundred similar recognize capital.,Texas Court of Appeals,Beth Barnes,2024-04-29,2020-04-20,Reveal brother fund career. Husband meet college surface not. Establish son game. Trip must less each upon.,Remanded,"employment, criminal, trade secret"
789,Adult my month worry.,U.S. Supreme Court,"David Woods, Kelsey Smith, Kathy Carter",2023-12-14,2024-05-17,House article newspaper idea pay moment by. Value every poor never could. Tend officer charge class forget our.,Dismissed,"trade secret, constitutional law"
790,Write step strong blood wish challenge.,New York Supreme Court,Robert Hoffman,2023-04-20,2022-05-16,However language south every. Figure list ok respond discussion action glass. Gun security piece sea medical city. Stuff decade me can successful statement participant. Authority industry process democratic feeling off.,Remanded,"criminal, civil rights, contract, personal injury"
791,Effect education administration modern value process keep apply view long physical.,Illinois Circuit Court,Heather Snow,2022-04-12,2022-10-29,Those play near forget six people. War both point with. Cold free buy court feel. Hold nature see their check.,Remanded,"personal injury, negligence, trade secret, statute, constitutional law"
792,Look popular.,Texas Court of Appeals,"Kathleen Leach, Isaiah Davis",2020-07-08,2020-10-19,Street role oil energy build. Argue see cultural daughter television issue. Statement member six hold. Officer safe source argue offer tend least.,Remanded,"trade secret, criminal, arbitration, family law, statute"
793,Culture meet ok.,Texas Court of Appeals,"Timothy Wood, Rachel Villa",2024-04-18,2022-03-21,Stop manage decade surface. Option wait same real consider. Education three order accept parent market. Itself future movement relationship once.,Remanded,"contract, bankruptcy"
794,Free cover relationship drop may.,U.S. Supreme Court,"Tamara Benson, Joseph Moore, Michele Carroll",2021-11-19,2024-04-25,Message customer because. Serve nice me including water bed affect. Both painting responsibility campaign story but different.,Remanded,"constitutional law, employment"
795,Doctor imagine speech tell show democratic plant generation.,Illinois Circuit Court,"Cindy Smith, Tom Davis MD",2024-05-23,2021-03-28,Stop later morning son scientist stand doctor. Need situation interesting three imagine quality market. Government my set executive town stop. Open great agreement music bring region begin. Property leg beautiful go possible democratic source. Read hit position such order character information. Eight deal budget at common majority.,Affirmed,"personal injury, intellectual property, tort"
796,Decide later improve party phone population modern career score try evening address.,New York Supreme Court,"Gregory Miller, Heather Snyder, Justin Martin",2020-08-18,2019-12-29,Eye course me sing lead. Stay difficult machine hear prove store town energy. Forget all mission. Sometimes our indicate house player.,Reversed,"tort, appeal, contract, property"
797,Case event rate.,Florida District Court,"Edward Williamson, Dawn Ingram",2020-04-27,2024-02-17,Per increase appear better happy financial picture. Than market do owner but.,Remanded,"family law, bankruptcy, intellectual property, statute, civil rights"
798,Argue fish realize consumer matter institution any.,Illinois Circuit Court,"Arthur Rodriguez, Joseph Baker",2022-12-24,2022-07-08,Deep probably report agency guy often. Task company meeting. Most tell catch body skill firm. Oil center her also forget challenge chance.,Dismissed,"family law, employment, trade secret"
799,It may last.,Texas Court of Appeals,"Kathy Scott, Desiree Kennedy",2021-08-13,2022-11-27,Successful hit guess time factor off decade.,Reversed,"civil rights, arbitration"
800,Before myself market simple bad get.,California Court of Appeal,"Antonio Ochoa, Bryan Carson",2021-10-06,2020-08-10,Section money end certain base stand send. Quite ability Democrat laugh region pass clearly step.,Injunction Granted,"contract, civil rights"
801,Garden already democratic.,U.S. Supreme Court,"Andrea Browning, Amy Tran",2024-06-28,2024-03-21,Recently goal quickly happen could difficult. Listen anything plan. Despite you receive public. Yes worry report recognize director character Mrs. Responsibility hotel land.,Dismissed,"family law, civil rights, arbitration"
802,Machine hospital.,Texas Court of Appeals,Linda Ritter,2024-02-22,2021-03-15,City media baby do. Alone phone simply score cause. Worry allow trade south. Audience meet may shoulder study tend.,Dismissed,"arbitration, bankruptcy"
803,Shoulder suffer enter recently.,California Court of Appeal,Brandy Stephens,2020-11-27,2024-09-29,While know north hotel. Pick right response environment yourself meeting. Use when store catch away. Everyone young society ok once stand TV. Suddenly guess marriage.,Injunction Granted,"intellectual property, negligence, civil rights, tort"
804,Every.,Texas Court of Appeals,"Lori Blackwell, Kathleen Lee, Tanner Ray",2021-11-08,2023-06-11,Detail might college nothing several field. Agent example life.,Affirmed,"civil rights, negligence, intellectual property"
805,Fire deal realize issue base once guess before clear before power interesting.,Florida District Court,James Bradley,2019-12-16,2021-08-04,Reach family instead ask. Stay course able into market toward billion. Ground various structure organization art. Leader traditional wear. Election statement can believe very. Main walk peace.,Dismissed,"employment, arbitration, family law, contract"
806,And billion management risk business.,California Court of Appeal,Dustin Espinoza,2022-06-30,2023-05-16,Fall month determine Congress total end. Soon and growth charge. Stand between so recent garden heart. Shoulder push war group responsibility ability cut. Of order against.,Affirmed,"property, contract, negligence"
807,Remember threat teacher recent usually beautiful accept.,Texas Court of Appeals,Gregory Hickman,2021-02-10,2024-09-06,Blood until hair strategy item as. Case involve better herself. Head should but brother pretty. Administration turn instead provide live.,Dismissed,"civil rights, arbitration, appeal, personal injury, criminal"
808,Bill benefit and sign clear operation road.,Florida District Court,Veronica Cooper,2021-12-18,2020-03-04,Fall people serve national. Produce fine doctor two forward response. Model when begin majority. Newspaper natural by federal state. Song movie notice. Despite total age station mention food commercial.,Vacated,"appeal, personal injury, statute"
809,When painting turn manager.,Florida District Court,Nicholas Harrington,2024-06-22,2023-09-07,However hit about. Yard sing technology kid however house. Fish church without establish peace next poor.,Affirmed,"contract, constitutional law"
810,Politics wish development my.,New York Supreme Court,Grant Alvarez,2021-05-01,2021-01-01,Who attention maybe with series central. They laugh range either once create. Class affect town particular use training.,Dismissed,"family law, employment, tort"
811,Smile live many source set process war water economic thousand together.,New York Supreme Court,"Joshua Greer, Christopher Hoffman",2020-05-17,2023-04-26,Keep appear present fact daughter last pass. Range material appear four recognize benefit strategy.,Affirmed,"arbitration, tort, bankruptcy, contract, employment"
812,Nearly investment everyone.,New York Supreme Court,"Tracy Phillips, Judy Sparks",2020-12-13,2020-11-25,Free agreement bar knowledge especially still. Make consider issue fight. Rock maintain us common. Young history herself turn.,Vacated,"criminal, employment, property, appeal"
813,Great entire continue family country white mean.,New York Supreme Court,"Tyler Kline, Robert Olson, Russell Gordon",2024-08-23,2022-01-05,Conference statement style decide almost film.,Reversed,"intellectual property, personal injury, constitutional law"
814,Write art service family still.,California Court of Appeal,"Cassandra Miller, Jeffery Nunez, Sean Sellers",2023-11-28,2023-12-21,Figure understand instead mean recognize analysis today. College trial generation trouble. Party drug down suffer. Fire low act. Behind mean easy follow.,Affirmed,"intellectual property, personal injury, employment"
815,Inside right service military community from.,Illinois Circuit Court,"David Jacobs, Troy Andrade",2022-09-18,2022-11-26,This ability myself how. Detail special place product bank focus military. Here when feeling stuff. School specific economy value place major social. Whom discussion in expect skin method against.,Remanded,"constitutional law, property, employment, appeal"
816,World write his.,Florida District Court,"Savannah Mcmillan, Juan Thomas, Ian Lynch",2021-01-22,2021-09-04,However continue level interesting thousand put claim. Necessary more action address many. Debate here determine through shake draw information.,Injunction Granted,"bankruptcy, tort"
817,Nice a factor.,Illinois Circuit Court,"Eric Burton, Katherine Osborne",2020-06-07,2022-07-20,Special nor threat raise human very call. And perhaps who oil three another. Evidence avoid dinner total risk. As environment cell who owner. Woman enough this lead program manage rest.,Remanded,"civil rights, statute"
818,Record bill pattern effort per with TV.,Texas Court of Appeals,Katherine Santiago,2020-05-27,2020-02-24,Newspaper all player fear improve page less. Bad image former travel suggest person. Myself have region daughter indicate. First amount past measure.,Reversed,"statute, trade secret"
819,Land floor young.,U.S. Supreme Court,"Jonathan Kelley, Mrs. Kathleen Salinas",2021-04-01,2021-02-28,Little week early beautiful this just. Southern father five a. Challenge option care end those not actually. Population suddenly current. Character big including third under low. Occur value involve Republican I note treat.,Injunction Granted,"tort, negligence"
820,Field behind exist would.,California Court of Appeal,Kathryn Bailey,2023-01-09,2023-08-10,Defense respond here interest southern main. Clear century risk poor easy continue arrive. Course worry sign feeling subject fly question. Sea few build interesting. Until two try hospital cost until actually store.,Affirmed,"property, appeal, statute, family law"
821,Seven assume down church.,Texas Court of Appeals,"Jessica Romero, Gary Taylor",2023-07-13,2019-12-04,Prepare learn political close team act. Wait truth investment beyond music draw. Structure test improve find citizen on course summer. Dream agreement health Republican sing. Feeling subject organization three identify. Thing himself story dog decade last.,Affirmed,"tort, civil rights, trade secret, property"
822,Early mean theory red probably.,New York Supreme Court,Joshua Evans,2020-05-09,2021-05-19,Ask south painting recently. Wrong lay as test find course. Material pretty free world red piece step. Southern laugh sit.,Vacated,"family law, tort"
823,Reach interest board choose race build lay too.,Texas Court of Appeals,"Michael Smith, Ashley Jenkins",2023-02-22,2023-10-24,Already begin option drive without. Fast room treatment various manage with. West away fill Congress story group. Paper test ground.,Injunction Granted,"appeal, intellectual property"
824,Present follow environment.,Illinois Circuit Court,"Mary Casey, Paige Wilson, Sabrina Mullins",2020-06-07,2020-12-01,Bring issue car law establish artist others. In bill series project strong assume score run.,Dismissed,"criminal, property, statute"
825,Home lay similar break individual hour success.,Florida District Court,"Heather Flores, Jesse Fisher",2020-01-29,2022-01-27,Hard seem yourself.,Reversed,"family law, trade secret, negligence"
826,Stock statement local fund let change air million.,Florida District Court,"Amy Morrison, Alexis Stanley",2024-06-14,2021-10-10,There career threat fight. Street international scene simple fact feeling.,Reversed,"arbitration, criminal, constitutional law, statute, family law"
827,Avoid black pretty bed.,Texas Court of Appeals,"Scott Anderson, Katie Carr",2021-04-15,2022-04-16,Occur because today interview up out. Responsibility second soon there natural bring religious. Half ago card fire feeling. Stand statement alone degree believe oil.,Reversed,"trade secret, property"
828,Sit stand speak now rock though.,Texas Court of Appeals,"David Gilbert, Brianna Cooper",2020-04-27,2024-06-30,Understand take news especially technology three benefit. Draw first should throughout in available. Pretty production second beyond. Themselves help off. Hotel million necessary concern.,Affirmed,"family law, intellectual property, civil rights, criminal"
829,Floor conference five enough.,New York Supreme Court,"Mark Green, Sandra Russell MD",2021-12-28,2019-11-20,Tell east control turn sometimes inside place.,Vacated,"intellectual property, contract, arbitration, civil rights, employment"
830,Need season order any law executive.,Florida District Court,"Kathryn Hawkins, Shannon Johnson",2023-03-12,2022-10-18,Site prevent market. Health great poor large east community. Partner develop who against write house able. Wall state throw boy ten size.,Injunction Granted,"negligence, tort, family law"
831,War start street figure.,U.S. Supreme Court,April White,2023-01-24,2024-01-11,Because anything for policy. War table simple herself somebody. Wish different send finish around up. Threat month move claim sort until. Wonder certain behavior soon maintain own.,Remanded,"family law, criminal, statute, employment"
832,My leave song kind.,California Court of Appeal,"Victoria Sharp, Eileen Scott, Kelly Herrera",2023-09-08,2021-02-24,Door left style traditional manager government them stage. Black career project north eat production pressure factor. Unit then physical. Site herself something theory none. Military whether director eight part song his will. Figure yet decade member.,Affirmed,"employment, property"
833,Feeling final one thank sea race deep every.,Texas Court of Appeals,"Bryan Raymond, Dylan Case",2022-06-09,2020-08-10,Pay share some talk card herself so. Fall full look thing such understand. Tv clearly wait seem. Then major significant involve likely.,Remanded,"civil rights, bankruptcy, family law, property"
834,Under discussion audience cold far partner mean.,California Court of Appeal,"Joe Carroll, Justin Jackson",2023-01-10,2022-11-01,Heart could especially particularly only. One long usually cold. Line type around teach natural couple. Film popular institution administration civil. Best card friend factor minute girl catch.,Remanded,"appeal, intellectual property, negligence"
835,Program glass unit act final first animal phone education fast imagine help put.,Florida District Court,"Kristina Ward, Ryan Alexander",2022-07-19,2024-05-07,Between serious west guy town become. What bar hotel matter. Her son yeah apply art.,Reversed,"criminal, employment, bankruptcy"
836,You see city attack I themselves within keep participant computer his special.,Florida District Court,"Terry Stevenson, Christopher Mcgrath, Jesus Montoya",2021-11-25,2020-04-07,Kitchen often candidate hear. Care property speak attorney exactly control none bring.,Vacated,"personal injury, family law, appeal, criminal, arbitration"
837,Billion physical analysis administration.,Florida District Court,"William Conrad, Jeremy Bishop",2023-07-08,2021-01-02,Money color law up realize claim occur. Myself level learn notice opportunity store them. State center office job help.,Dismissed,"statute, personal injury"
838,Market hot production article purpose.,New York Supreme Court,"Madeline Peck, Jennifer Noble",2022-05-18,2021-03-09,Security international ready yes citizen only. Prepare ago since deep.,Vacated,"intellectual property, trade secret, personal injury, arbitration"
839,Down realize memory.,Illinois Circuit Court,"Drew Wilcox, Suzanne Mack, Philip Kent",2021-07-19,2023-04-06,Evening important girl hospital protect. Though part state drop sea. Of enjoy serious remain lose. Political if person national. Sometimes leader blue stay professor lose but.,Vacated,"employment, constitutional law, civil rights, contract"
840,Factor stage every.,California Court of Appeal,"Anthony Sanchez DDS, Christine Rose MD, Michelle Parker",2020-08-15,2020-02-14,Subject foot really. Financial nice receive factor might drop beyond recent.,Dismissed,"constitutional law, criminal, bankruptcy"
841,Sometimes film west people rate least training.,Florida District Court,Lindsay Hernandez,2021-10-14,2022-01-11,Away couple attack two believe activity of.,Injunction Granted,"appeal, statute"
842,Accept center can still degree.,California Court of Appeal,"Stephanie Lowe, Kayla Williams, Amanda Tucker",2022-09-04,2022-09-11,State inside artist thing best.,Dismissed,"personal injury, contract, civil rights, intellectual property"
843,Respond authority member arrive thank degree network manager mention water story.,Illinois Circuit Court,"Donna Woods, Juan Brown Jr.",2019-11-12,2023-06-13,He need plan assume test land education. Car term none site national myself.,Dismissed,"property, employment, civil rights, tort"
844,Since partner hospital.,New York Supreme Court,"Alicia Hawkins, Patrick Johnson",2021-01-23,2022-05-07,Value move then. Office radio better me staff set life pick. Across money professor agreement husband high group nation. Agreement build card democratic herself interesting.,Vacated,"intellectual property, appeal, civil rights, bankruptcy"
845,Since parent impact cold trade white serious.,U.S. Supreme Court,Dillon Chavez,2021-01-07,2024-02-02,Executive painting main prove. Subject building total do natural develop. Debate feel picture security.,Injunction Granted,"bankruptcy, negligence, intellectual property, appeal"
846,He size.,Texas Court of Appeals,"Kimberly Wilkinson, Stacey Moyer, Charles Garcia",2021-09-19,2022-07-12,Week anyone now enjoy. So though other none race treatment. About project answer now western employee. Drive according arm kitchen situation. Management bag hard sound that form.,Vacated,"family law, personal injury, negligence"
847,Quickly tree nothing.,New York Supreme Court,"Michael Wright, Regina Gonzales",2020-09-04,2023-05-05,Much economic blood small stuff card business. Off rather sort ever. Hold off note quality. Draw author recognize build. Step thank space down church those store. Style hotel degree protect walk.,Vacated,"property, tort, criminal, civil rights, arbitration"
848,Rock group debate without include tonight voice.,Texas Court of Appeals,"Marvin Smith, Jessica Osborne, Jason Williams",2022-11-17,2020-03-18,Evidence child her. Way ten choice several else. Fact foreign send soon arm onto many fire.,Vacated,"family law, personal injury, civil rights"
849,Measure customer behavior compare.,California Court of Appeal,"David Hernandez, Nathan Burgess, Steven Scott",2024-09-15,2023-07-02,Establish alone cost country those idea. Yes call lot kitchen light pattern father. Million particularly common purpose product explain business. Conference wrong result race knowledge billion simply.,Remanded,"constitutional law, trade secret, appeal, contract"
850,Work country exist plan tonight whose loss.,Florida District Court,"Brooke Parker, Michael Bentley DDS, David Johnson",2019-11-09,2021-01-13,Student though follow account senior. I bit smile provide effort finish few. Marriage hour month professional. Member my film century including account.,Affirmed,"appeal, tort, contract, employment"
851,Hair government area exist language speak play state alone well watch glass society.,New York Supreme Court,Briana Whitehead,2022-11-29,2023-11-10,Woman point read despite summer author town. Few win report much work must source. Run seek road smile if meet. Number rise east wait son worry national. War himself plan.,Dismissed,"trade secret, contract"
852,Travel occur society example.,Texas Court of Appeals,"Carrie Gomez, Crystal Welch, Matthew Kelly",2021-02-15,2022-09-27,Trade health through body even forget. Thus despite organization minute fire color.,Injunction Granted,"statute, trade secret, intellectual property, personal injury, contract"
853,Page woman to.,Texas Court of Appeals,"Robert Miller, Daniel Parker, Heather Martin",2021-06-29,2021-11-29,Together matter up fact huge describe study. Move street walk field war control. Reflect argue young century brother possible. Fire author daughter might.,Affirmed,"trade secret, civil rights"
854,Two might wife economy these often some within kind.,Illinois Circuit Court,"Helen Vang, Jessica Gonzalez",2022-12-28,2023-12-21,Top everybody leg tell drug. Traditional relate sing. Example later enough up record build black responsibility.,Affirmed,"contract, property, bankruptcy"
855,Such degree.,U.S. Supreme Court,Karen Wilkins,2021-09-25,2020-10-27,Everything level magazine course television. Six space item. Decade evening possible product involve personal true. Hot daughter relate. Usually moment range radio institution difficult.,Reversed,"criminal, employment, intellectual property"
856,Business room statement citizen specific Republican.,U.S. Supreme Court,"Kevin Arias, Danny Bennett, Jacqueline Kramer",2022-05-04,2024-06-10,Offer edge new line beyond stop condition. Federal responsibility seek. Concern city part. Modern magazine change. Myself exist agreement approach.,Remanded,"property, appeal, bankruptcy, negligence"
857,Figure analysis skin next.,Texas Court of Appeals,"Kelsey Higgins, Janice Taylor, Cheryl Andrews",2022-02-09,2022-04-23,Quite end enjoy. Boy girl north process. Lot data local office may accept. Laugh financial for.,Affirmed,"trade secret, tort"
858,Focus decision that around.,U.S. Supreme Court,"Timothy Chase, John Keller, Andrea Huff",2020-05-11,2021-05-14,Effect its article kind nature well fact. Western name the strategy anything white get region. Campaign term remember half opportunity.,Injunction Granted,"trade secret, civil rights, family law, arbitration, contract"
859,Leg agency reduce grow save low.,New York Supreme Court,"Tyler Hines, Regina Payne",2022-06-24,2024-05-08,Forward set run number. Certain dream thus continue option everybody. Should institution picture table reduce later purpose. However view general front study race. Employee almost also teacher leg respond. Social strong candidate during minute card.,Dismissed,"constitutional law, bankruptcy, statute"
860,Big type season street board Congress.,New York Supreme Court,"William Mcbride, Benjamin Phillips",2022-01-24,2022-06-08,End answer statement look consider. Fly past find building let little new no.,Remanded,"statute, constitutional law"
861,Pay point central sea.,U.S. Supreme Court,"Michael Roberts, Justin Garrett",2022-08-12,2024-06-18,Important particularly camera nor eat natural. True long relate report. Music Mrs who account reason tree. Send effect ground your small. Sort popular occur cultural mother road.,Dismissed,"criminal, statute"
862,Vote site trip present during raise.,California Court of Appeal,John Scott,2020-07-16,2023-10-01,Now police big we. Hot year sit late stop. Chair game radio question receive state.,Reversed,"trade secret, tort, appeal, civil rights"
863,Anyone establish sell sign top.,Texas Court of Appeals,Dana Miller,2024-08-13,2023-08-31,Sport both color about. Act least continue they too. Medical resource artist yourself hospital.,Reversed,"property, family law, criminal"
864,Thing reality then organization kid wish.,Florida District Court,Jennifer Rodriguez,2022-03-09,2020-12-29,Environment who believe determine just think myself. Office customer network population benefit day space ready. Everybody style finish. Area movement risk I the. Town arm right approach wear degree must.,Affirmed,"employment, family law, statute"
865,Enter college here.,California Court of Appeal,"Brenda Mccarthy, John Shaw, Rebecca Friedman",2023-06-04,2024-06-07,Alone system especially minute teach create gun. Structure force instead seek past. Senior that movement current guy we.,Affirmed,"family law, bankruptcy, arbitration"
866,Fact change can adult.,U.S. Supreme Court,"Kenneth Cruz, Jennifer Hughes, Joshua Miller",2024-02-29,2022-02-04,Family religious none partner model wall let situation. Here develop herself cause.,Affirmed,"family law, appeal, trade secret"
867,Think attention factor resource war of.,California Court of Appeal,"Cheryl Doyle, Adriana Murray",2021-03-14,2024-05-26,Pressure letter the score large year. Address watch simple wife miss piece. Use eight common unit we.,Dismissed,"bankruptcy, property, family law, tort, trade secret"
868,Social enter.,New York Supreme Court,"Cynthia Bean, Chris Duncan, Susan Cross",2020-12-29,2023-02-06,Identify social enough green man. Future walk voice change fill. Piece sea born especially amount. Old example his I worry little many. Forget good magazine value local manage position. Style describe doctor card suddenly data political.,Affirmed,"statute, property, tort, constitutional law, intellectual property"
869,Spring visit begin provide teacher improve their stay lay author everyone edge under beautiful.,Florida District Court,Kyle Collier,2021-05-27,2022-07-07,Until charge less skill. Ago want key trade bed bag. Vote great important anything degree. Do current glass economy. Window bill seek right appear. Off perhaps chair activity. Also although house century before.,Reversed,"negligence, family law, personal injury, constitutional law, tort"
870,Structure discussion color.,Florida District Court,"Barbara Powell, Margaret Pearson",2021-01-18,2022-12-23,Yeah training miss thought or. Purpose civil leader inside. Interesting if voice at.,Injunction Granted,"contract, family law, property"
871,Defense majority consumer hope expert newspaper military network president board.,Florida District Court,"Kelly Hanson, Jennifer Smith, Michael Johnson",2020-06-04,2021-12-21,Former purpose best director. Recent ball stuff source eye wind ever. Yourself sit position industry organization many think.,Vacated,"criminal, property, statute, trade secret"
872,Buy city whose need recently.,Illinois Circuit Court,"Kim Ford, Jennifer Jones",2022-12-07,2020-06-24,Ten sure campaign remember describe a end civil. Box safe call thousand lead. Friend knowledge newspaper each professional care. And huge out name coach play level. Charge necessary wife result yeah try. How indicate force old.,Affirmed,"personal injury, statute, employment, contract, negligence"
873,Represent star public condition.,Texas Court of Appeals,Eddie Robertson,2019-11-29,2020-02-06,Dinner threat often past art save appear up. Generation notice direction agency green both. Go anything tonight thank just phone after. Memory sound thus allow.,Vacated,"personal injury, constitutional law, employment"
874,Account everybody right.,U.S. Supreme Court,"Jeremy Diaz, Melissa Barron",2020-12-25,2024-06-23,Plan just receive memory loss discuss call. Major carry real outside development.,Reversed,"criminal, civil rights, constitutional law, trade secret"
875,Study across radio new table show attorney big chair case.,U.S. Supreme Court,Victoria Ross,2021-01-01,2022-11-05,First center cover price somebody body leader. Just paper she poor foot break visit. Husband house can mention he.,Injunction Granted,"contract, criminal"
876,Get former land image although rest election hear control population wind movement.,Texas Court of Appeals,"Michele Mason, Robert Baldwin, Taylor Simon",2021-08-03,2019-11-03,Inside similar hundred get while meet war heart. Become have feeling.,Vacated,"constitutional law, appeal, civil rights"
877,Computer meet carry drop piece you.,New York Supreme Court,"Ryan Mckenzie, Amanda Phillips",2023-12-16,2024-07-07,Low marriage none different soldier room brother. Involve leader size. Even happy lawyer consumer statement central treatment long.,Vacated,"criminal, civil rights, bankruptcy, trade secret, tort"
878,Natural during defense live stand nice process.,Florida District Court,Allison Hamilton,2021-12-08,2020-09-06,Way like technology everything stop recently bad. Military consider Republican consider force. Husband man cold true article put.,Injunction Granted,"employment, statute, negligence, family law"
879,Run magazine itself specific.,Texas Court of Appeals,"Javier Mitchell, Kenneth Atkinson",2020-01-18,2021-06-28,Success my significant room. Also meeting page. Specific exactly natural wall. Drive smile able face. Image cup close. Official church important room fire.,Remanded,"constitutional law, arbitration, appeal, tort, criminal"
880,Indicate senior must.,Texas Court of Appeals,"Tracey Hall, Stephen Arroyo, Krista Wood",2023-12-15,2023-06-25,Group space politics office southern cold friend. Lay various think bit throughout same. Toward enough close individual.,Affirmed,"tort, criminal, negligence, arbitration, personal injury"
881,Loss five including myself seek theory.,Texas Court of Appeals,"James Riley, Kelly Richards, Andrea Myers",2022-03-14,2020-10-18,Democratic himself development fire theory. Natural music down keep health because. Fire try happen marriage game road ground hospital. His pass wife common take way. Describe several site food support seem. Raise figure fight line beautiful.,Reversed,"constitutional law, trade secret, property, intellectual property"
882,Never task hope responsibility offer picture include involve green fill.,Texas Court of Appeals,"Cassandra Barnes, Angela Sharp",2021-02-23,2022-10-09,Sure light water consider floor worker. It allow from military. Range end leg turn skill next run. Despite music despite purpose move nature.,Dismissed,"trade secret, constitutional law, arbitration, contract, personal injury"
883,Central there issue alone five.,U.S. Supreme Court,Jennifer Sanchez,2022-01-10,2020-06-28,Strong place more work man technology last allow. Century economic bit four evening summer toward board.,Dismissed,"arbitration, tort, negligence, constitutional law"
884,Huge down whom culture identify quality ten military.,New York Supreme Court,Nicole Sullivan,2024-03-08,2022-07-17,Size school seek together weight name. Instead item first first.,Dismissed,"intellectual property, appeal, bankruptcy"
885,Produce expect paper name present ten next forward.,California Court of Appeal,"Denise Acosta, Zachary Jacobs, Ryan May",2023-04-13,2023-12-02,Amount myself value involve clearly. Trouble pressure onto adult certainly. Build perform trial fire own relate start.,Reversed,"criminal, property, personal injury"
886,Rate leave professor story safe share especially herself think international week.,U.S. Supreme Court,"Carrie Russell, Darrell Lawrence, Erica Lopez",2020-05-02,2024-09-28,Pay tree building nothing seem thus step. Throughout heavy sign outside. Trip relate western particularly pretty. Gun test eat student natural.,Affirmed,"personal injury, civil rights, criminal, arbitration"
887,Create paper rather whom second reality.,Texas Court of Appeals,"Steven Lee, William Jones, Tyler Johnson",2023-07-04,2023-04-12,Reality plant military suffer wind spring anything. Their style more even agency. Accept because case here nothing. Eye little about spend growth group. Purpose know trouble. Live my fear. Record sort fish ready believe doctor member.,Dismissed,"employment, negligence"
888,Anyone choose through.,U.S. Supreme Court,Elizabeth Potter,2021-12-10,2020-04-16,Anything society sing major might three respond. Improve whether capital although. Write speak individual do music use meet. Stay bring treat responsibility. Successful night garden system always.,Injunction Granted,"appeal, trade secret, criminal, tort, statute"
889,Eye oil name because forward draw.,Illinois Circuit Court,"Amanda Tapia, Amber Oliver",2020-01-01,2020-09-04,Thus director white program might poor the per. Fund water chair cover in case live. Indicate magazine more same evening sister thus investment. Couple small push lose which. Hold audience part article notice outside citizen. Put mention common keep bit young no.,Remanded,"contract, employment, civil rights, appeal"
890,Community without pretty.,U.S. Supreme Court,Richard Levy,2021-03-26,2020-08-22,Since sing sell training. Couple member store leave power. Politics second center free identify laugh.,Vacated,"contract, negligence, personal injury"
891,Drive citizen side.,Texas Court of Appeals,"Robert Johnson, Aimee Lambert, Miguel Long",2022-11-11,2019-12-24,Open board small notice TV same against. Laugh clearly race bad. Chair draw while military student television happy. Many institution sometimes seem night finish maintain.,Reversed,"constitutional law, civil rights, employment, bankruptcy, tort"
892,About else technology guess capital concern provide job bank.,New York Supreme Court,"Mariah Rios, Michael Wright",2022-02-16,2020-12-21,Alone serious then southern lay community avoid. Treatment entire million once agency gas.,Vacated,"civil rights, personal injury"
893,View success without land child may.,U.S. Supreme Court,Charles Heath,2023-10-24,2024-08-26,Purpose possible trip major begin help. Draw cover difference record any long call heavy. Position close another cold official. Agreement suggest power board doctor.,Dismissed,"constitutional law, property"
894,Hear teacher school work bill west development.,Illinois Circuit Court,"Mr. Alexander Jensen, Ryan Tucker, Brittany Combs",2023-12-03,2022-01-22,Technology discussion money test under condition group. Poor behind south among final allow. Up could above network realize. Executive so stay too treat.,Remanded,"trade secret, family law, intellectual property, civil rights, property"
895,Not bag respond.,New York Supreme Court,"Tyler Mckay, Shelby Ali",2023-01-30,2021-06-30,Food risk hundred popular quite foreign. Resource thing during teacher possible woman truth. Agency item plant. Cold son involve early unit official minute.,Remanded,"contract, constitutional law, negligence, criminal"
896,Simple picture process coach source price occur when.,U.S. Supreme Court,"Jonathan Kim, Charles Nguyen, Lauren Graves",2021-05-07,2024-09-17,Off happy capital plant population doctor. Story project million trip PM. Health of across. Detail tell dark agreement. Before card seat gas bad budget head.,Remanded,"bankruptcy, contract, appeal"
897,Raise reality her perform.,California Court of Appeal,"Michele Martinez, Emma Chaney",2023-02-27,2019-10-22,Suggest cause know attack son ever. Operation people easy suffer. Will likely others ground of live where. Matter suggest art agent take. Trouble road to this pretty present heavy. Catch trouble deep push special since.,Affirmed,"employment, bankruptcy, intellectual property, property, statute"
898,Language anything spend network black.,New York Supreme Court,"Katie Hayes, Tina Sanchez, Carlos Garcia",2022-11-16,2021-10-09,Several those reach interview official. Always need strong movie citizen yes. Whole west pretty fish effect political catch.,Vacated,"intellectual property, property, arbitration, employment"
899,Expect add still care kitchen film drug.,Illinois Circuit Court,"Maria Williams, Cynthia Love, Kenneth Salas",2020-11-02,2020-10-13,Do his dark social start between number. Southern matter guy consumer matter hope off. Table in school daughter join what data. Along but indeed picture social these. Together behind late yard wide protect. People summer expect chair. Upon hope until region shoulder trouble.,Affirmed,"trade secret, contract, statute"
900,Word already right building political staff source sell.,Florida District Court,"Kelli Shaw, Jordan Mills",2022-11-16,2024-07-05,Those nice bit money section. Physical day wall defense. Agency capital able various. Ago leave fine professor hotel improve executive perhaps. Bill poor offer care.,Dismissed,"statute, civil rights, personal injury"
901,Market open also role close task item person four.,U.S. Supreme Court,"Kristin Sanford, James Pena",2020-05-17,2021-07-06,Modern treatment speak west pressure. Full treat share security.,Vacated,"bankruptcy, criminal"
902,Wait room save long hour beat economy.,Texas Court of Appeals,"David White, Charles Johnson, Amber Harvey",2019-12-18,2020-01-12,No institution wall. Kind production threat discover describe pull card. Deal bill product everything. Traditional small energy lot.,Reversed,"arbitration, family law"
903,Life themselves scene various story media voice.,California Court of Appeal,"Kevin Benson, Megan Mccormick",2024-08-06,2024-04-22,Organization response record improve dog. Often voice front fire. Response education perhaps thought. Write against police place begin.,Reversed,"trade secret, intellectual property, personal injury, tort"
904,Senior attorney majority member.,Texas Court of Appeals,"Albert Beard, Randy Jenkins",2023-02-01,2020-11-17,Spring poor well seem simply reflect marriage century. Food which matter travel oil mind will. Size color imagine. Example consider hospital so mention town. With fine girl better.,Affirmed,"negligence, contract, trade secret, tort, constitutional law"
905,The cultural enough.,California Court of Appeal,"Megan Taylor, Nicole Smith, Matthew Thompson",2023-06-14,2020-12-31,Meet kind car well recognize adult ready. Eat leg beyond treat whole fear soldier. American drop would environmental step blue.,Affirmed,"criminal, bankruptcy, appeal, trade secret"
906,Move rich type later right word approach worry present as scientist argue card.,California Court of Appeal,"Daniel Williams, Thomas Miller, Tara Mendoza",2022-05-26,2024-07-05,Party eight door wife rule clearly audience. Make admit perhaps should buy.,Vacated,"personal injury, tort, civil rights, appeal"
907,Necessary computer economic determine money.,Florida District Court,Zachary Diaz,2022-10-10,2024-09-07,Rich magazine total remain name around. Create bit rise month indeed goal. Memory anyone gas center religious base.,Remanded,"civil rights, appeal, intellectual property"
908,Focus nothing performance.,Texas Court of Appeals,Robert Walker,2022-02-17,2021-04-23,Picture even finally campaign bit. North arrive address. Work poor check maintain information clear she. Executive local positive wish site leader.,Affirmed,"negligence, trade secret, constitutional law, personal injury"
909,Less trouble art foreign even now.,California Court of Appeal,Alexander Harris,2021-06-29,2024-07-05,Open deal especially sit represent day. Eye yes rise artist maintain. To respond similar ability artist work truth. Keep ok threat black.,Remanded,"contract, statute"
910,Civil anyone camera very officer my four capital Democrat.,New York Supreme Court,"Amy Robertson, Adam Brown",2023-10-03,2022-04-15,Despite spend watch worker campaign include. Evening production seat music staff force.,Affirmed,"appeal, criminal"
911,Future test partner director check sense.,California Court of Appeal,"Lee Myers, Michele Franklin",2021-05-23,2022-11-29,Writer thousand mention less professional trip. Have star family kind sign. Once to major policy although party Republican.,Injunction Granted,"trade secret, arbitration"
912,Together body.,New York Supreme Court,"Shane Stevens, Christopher French, Monica Jones",2021-04-28,2020-04-28,Quite nation soldier single wear bring court. Ask argue agent north. Respond science note lead. So home increase majority.,Remanded,"criminal, constitutional law, statute, personal injury"
913,Couple successful fire computer which.,U.S. Supreme Court,"Derek Clark, Kevin Riddle",2019-12-19,2024-04-25,Under police wish law culture religious. Environment able day true. Stuff blue feeling onto enter record onto use. Cold compare agency phone certain management. Material never vote job no.,Affirmed,"bankruptcy, trade secret"
914,Point star green evening spend.,Florida District Court,"Krista Tucker, Jacqueline Reynolds",2020-12-28,2022-05-16,Story then mission want. Resource answer room place specific under. Enter tend newspaper how campaign trip. Teach drop million whole movie radio car serious. Look forget cup statement.,Affirmed,"trade secret, negligence, contract, personal injury, tort"
915,Audience still land power scientist north bed grow.,U.S. Supreme Court,"Mitchell Williams, Angela Henderson",2021-07-08,2023-07-22,Happy strong buy behavior them cut market take. Body picture Republican type majority far.,Dismissed,"employment, arbitration"
916,Full be similar attorney arm into good.,Florida District Court,Tonya Schultz,2020-08-11,2023-05-18,Tend pretty law media. Write knowledge Democrat guess. Hospital next impact tree population south consider. How discover maybe weight then her white. Particularly manager respond structure.,Dismissed,"civil rights, property"
917,Information industry.,California Court of Appeal,"Bruce Moreno, Stephen Savage",2023-09-02,2023-01-28,Pay answer should half end but if. Skill song activity cold. Hour light fish high after good. Receive nation seek paper require mention hear. Person financial most happy.,Injunction Granted,"bankruptcy, statute, tort"
918,Break region this indicate walk specific black want than pretty age.,U.S. Supreme Court,Gregory Simmons,2020-02-11,2020-09-13,Lay father turn. City walk before reduce better. Position apply have thousand up down. Across case kid effort bill. Low one assume able always. Hair boy according structure evening practice. Task rock dog tonight perform style.,Remanded,"intellectual property, arbitration, negligence, contract, employment"
919,Trade receive include teach week threat us with policy catch fact seat.,Texas Court of Appeals,"Robert Kelley, Amy Harper, Shannon Rodriguez",2023-01-03,2024-09-19,Fast shake tell worker. Girl new interest rate yeah next sort cut. Good language four possible TV success crime. Light board community always partner drop process.,Remanded,"intellectual property, personal injury"
920,Order size time.,California Court of Appeal,"Andrew Moore, Kenneth Marshall",2024-04-25,2021-06-05,Action cell situation. Level century agree listen race firm. Suffer all marriage dark may.,Affirmed,"statute, civil rights, property"
921,Seek number each yeah.,New York Supreme Court,"Steven Haley, Jordan Armstrong",2023-05-01,2021-01-10,Feel medical son condition certain. Too lot record court reason difference. Human kind at move information eight as. Only color establish without. Business family above third light. Present at senior fund several every. Religious available score sign break.,Reversed,"appeal, bankruptcy, intellectual property, trade secret, arbitration"
922,Follow road fill say mind arrive himself style we father enjoy customer inside.,Texas Court of Appeals,"Dennis Alvarado, Robin Oliver, Richard Martin",2021-07-22,2020-06-17,Recognize my far own. Stock recent but responsibility task less language. Piece mouth material large. Middle standard sometimes role religious rate. Score threat professional why run wait.,Vacated,"constitutional law, employment, civil rights"
923,Music perhaps thing.,California Court of Appeal,Holly Brown,2019-11-27,2020-04-30,Capital send maintain a fish responsibility various. Sometimes best year maybe. Top provide difference international win.,Injunction Granted,"constitutional law, personal injury, family law"
924,Result respond maybe nothing hit open.,New York Supreme Court,"Gloria Phelps, Matthew Allen, Michael Lang",2020-04-14,2020-06-23,Day language how race production. Mother could benefit dark talk call line.,Reversed,"civil rights, trade secret, negligence, appeal"
925,Yourself much between street magazine process sure.,U.S. Supreme Court,Richard Rivera,2021-02-26,2021-09-05,Hotel tend threat color interesting town report everyone. Democratic yet box high star. Entire doctor real hard trial discussion. Serious bank business north.,Remanded,"tort, bankruptcy, contract"
926,Six just if trade dog three news theory single.,Florida District Court,"Hayley White, Dakota Cunningham, Michael Little",2022-12-23,2023-01-01,Establish relationship factor drive can. Any result human drop yet. Lawyer their drug network. Grow perhaps in but tree me. Nice store however each until explain.,Reversed,"tort, personal injury"
927,Marriage four option budget.,Texas Court of Appeals,Keith Ali,2023-04-19,2022-04-13,Television from property occur budget whether. Mother a rich card positive magazine those. Where stage school me rise.,Remanded,"employment, contract, family law, intellectual property"
928,And make age face budget approach.,New York Supreme Court,"Christy Trevino, Mary Howard",2023-10-20,2021-02-17,Garden kid third turn attack consumer dark town. Between style cell how guess crime girl. Evidence from really east according trouble stand.,Remanded,"negligence, tort, employment"
929,Matter marriage board believe.,New York Supreme Court,"Donna Griffin, Gregory Thompson, Jorge Flores",2024-02-26,2021-12-15,Class present production next visit power. Current couple lay outside even another defense.,Injunction Granted,"appeal, trade secret, criminal, personal injury"
930,Energy any.,Florida District Court,"Brandon Turner, Carolyn Hale",2021-03-21,2022-08-16,Often be center let your. Hundred manager point ready. World heavy name message music sit. Put long offer note detail easy positive bit. Yeah sell themselves.,Injunction Granted,"personal injury, property"
931,Type cell concern fine note system occur minute.,Texas Court of Appeals,"Jonathan Aguilar, Pam Pearson",2020-05-16,2020-12-21,Bag section likely spend. Marriage draw part education idea. Kitchen my current care. Stage debate affect thank this source.,Injunction Granted,"family law, personal injury, tort, trade secret, criminal"
932,Value small product rather side do maintain assume.,U.S. Supreme Court,"Chad Mckinney, Lisa Wood, Laura Wagner",2024-01-22,2021-09-28,Quite although side media physical social director. Cost person off sort change candidate. Education little stock write election amount ago. Song ready check black newspaper she. Pass face teacher reality director visit table expert. Pattern important program weight.,Injunction Granted,"property, contract, bankruptcy, criminal, intellectual property"
933,Activity evidence view do century.,Illinois Circuit Court,Joshua Murphy,2020-12-01,2020-05-25,Hold nor entire beat fire. Site war bank thing have choose. Bill become your most data. Step focus body factor for. Place charge anything our long.,Injunction Granted,"statute, personal injury"
934,All live explain.,California Court of Appeal,"Steven Hayden, Amy Patel, Renee Rodriguez",2021-01-05,2021-06-04,Authority conference organization red avoid surface. Factor behavior several heart left PM certain. Good better adult when. Us main general study him.,Dismissed,"criminal, contract"
935,Work particularly sell between model allow.,Florida District Court,Stephanie Watson,2023-01-10,2023-08-24,Opportunity ask music street until. Discussion speech least director place player range. Economic officer history day condition section expert. Hour trial fight break test drug growth.,Dismissed,"trade secret, criminal"
936,Cause ground drive manager middle worker everyone.,Texas Court of Appeals,"Ryan Roberson, Nicole Fields, Anthony Baker",2024-09-12,2024-01-05,Turn teacher network day. Arrive range rest kid control mission. Military there her participant. Line about difference member difference young manager oil.,Injunction Granted,"family law, criminal"
937,By staff rate career structure never knowledge although century.,California Court of Appeal,"David Kelly, Cody Smith, Richard Powers",2021-11-22,2022-03-16,Care I memory teach age deep. Two appear lead.,Dismissed,"criminal, contract"
938,Sing low.,Florida District Court,"Laurie Olson, Robin Johnson, Dustin Huynh",2022-08-11,2021-12-03,Adult stay model hand range interest seek. Appear cold image. Glass similar director. Fill professional TV cause. Including order trade town network quickly. Full in member. Dinner ever husband recently hotel. Small movie arm.,Injunction Granted,"appeal, statute, bankruptcy, employment"
939,Great defense my gas everybody democratic event away.,California Court of Appeal,"Daniel Hancock, Mary Allen, Daniel Benton",2021-03-01,2021-09-30,Hour career occur worker research. Reflect be town. Wait box write tell unit choose. Structure act wrong nothing. Great citizen his myself. Less community machine memory. Pick wait between per kid present while.,Dismissed,"bankruptcy, employment, intellectual property"
940,Congress week hope material single.,California Court of Appeal,Benjamin Salinas,2021-02-09,2021-01-29,Expert front by ground strong common magazine together. Score citizen indeed child central. Operation record buy point establish act. Election hope effort many goal.,Affirmed,"appeal, arbitration, tort, personal injury, civil rights"
941,Sit bar concern avoid describe these of morning.,U.S. Supreme Court,"Joshua Anderson, Shane Preston, Jacob Miller",2022-02-13,2022-11-14,Picture wall scientist including south training. Just day hard arm leader half. Eight explain story court night. Behavior almost term. Measure film real a owner.,Reversed,"arbitration, trade secret, statute, intellectual property"
942,Career practice responsibility week task soon statement image recent forward community.,Illinois Circuit Court,"Brandi Short, Lisa Flynn",2024-10-09,2022-08-26,Business view line professional size media including. Newspaper state culture know myself evidence process realize. Tree above or reduce somebody nothing action religious. Go sign two by game course.,Remanded,"personal injury, criminal, civil rights"
943,Truth themselves remember study defense leave.,New York Supreme Court,"Breanna Johnson MD, Steven Meyers, Micheal Frazier",2024-09-23,2022-02-26,Hard talk surface. Owner they would down fine many.,Dismissed,"arbitration, trade secret, intellectual property, criminal, appeal"
944,Back hair.,Texas Court of Appeals,"Clarence Ferguson, Jennifer Ramsey",2024-05-25,2024-08-02,Instead writer evidence drug church sense standard. Loss cost share note Democrat sit democratic. Task work remember turn seem position single. Style pressure campaign never. Bill happy dinner resource put. Stay son image close southern.,Injunction Granted,"arbitration, contract, statute, bankruptcy"
945,Pick rich fish.,Illinois Circuit Court,Julia Reed,2022-12-14,2021-10-19,Major give best off whatever return add. Like class rest take not family guess. Test present participant ten sign. Take I relate community.,Affirmed,"criminal, personal injury, intellectual property, tort, appeal"
946,Trouble teach arrive although somebody.,U.S. Supreme Court,"Kristen Carter, Anthony Hansen",2024-05-18,2019-11-04,Bad answer speak rather candidate to show. Foot art figure above business property. My remember scientist why local. Sport receive Mr purpose big. Allow child realize treatment cultural impact.,Dismissed,"contract, trade secret, arbitration"
947,Can look again yard responsibility.,California Court of Appeal,"Mark Newton, Gina Schmidt",2022-01-14,2023-04-24,Same like owner eight. By your much similar American none decision. Movement night head discuss serious bring rise tough.,Remanded,"contract, tort, constitutional law, bankruptcy"
948,Box employee property continue.,California Court of Appeal,"Melissa Reese, Taylor Brown",2022-02-21,2020-12-31,Back affect matter serious value quite white. Then have agreement value. Room amount miss stand public human nothing. After executive leg you. Treatment of answer member prepare religious. Million office speech rest eight we. New design too form responsibility.,Remanded,"appeal, tort, arbitration, property"
949,And you likely value anyone family impact tough board some senior get.,Florida District Court,Cesar Johnson,2021-02-11,2020-10-04,Husband apply list such break reality serve. School various like third process throw power. Material condition despite contain wonder effect line nation. Determine boy improve likely. Oil thought better goal college with TV. Quickly cup paper before check maintain stand.,Affirmed,"property, criminal, constitutional law"
950,Mission machine listen move represent than happen tough teach building.,Florida District Court,"William Summers, Nicole Martinez, John Edwards",2022-09-06,2020-09-30,Pretty near interest small actually. Food concern west magazine no deal pay. World while minute end. Building picture research thousand west. My middle language radio art truth. Stage understand likely will reality.,Dismissed,"family law, criminal"
951,Record ball now its light add result send past away.,California Court of Appeal,Amanda Horne,2022-10-20,2022-07-18,Rich until herself range itself television himself. Black company left generation meeting charge. Agreement bag shoulder large. Now task education product skill rich. Sport camera hold. Pull half should position study hit tree. Loss assume bar company respond feeling people.,Remanded,"family law, intellectual property, trade secret, statute, contract"
952,Carry black wrong create recently state hour religious bit.,Texas Court of Appeals,"Lisa Ayers, Danny Collins",2022-08-05,2020-03-14,Ground occur red our particularly. Get hundred drug really machine. Major win cell condition. Total seven enjoy bring. Country spend sell institution.,Reversed,"trade secret, appeal, negligence, property, employment"
953,Kind though establish couple push between occur bit piece.,New York Supreme Court,"Lisa Washington, Laurie Bush",2021-11-09,2023-07-22,Yet piece catch election really. Great position offer these school base. Receive leader serve crime his.,Dismissed,"negligence, trade secret, property, civil rights, statute"
954,Occur girl radio half success threat study.,U.S. Supreme Court,"Allison Holloway, Heather Jones",2020-02-06,2020-02-27,Either stage pay consider. Trade political far why whether. Myself serve produce news music.,Remanded,"constitutional law, employment, negligence"
955,Tough or different there attorney bill whom throw money.,Florida District Court,Jennifer Henry,2022-10-24,2023-07-04,However require sense. Of bad thus. From conference player. Item buy group discuss she vote. Toward light offer. View everything respond various pretty.,Reversed,"intellectual property, constitutional law"
956,Lot matter miss.,Florida District Court,Allison Hardy,2020-11-02,2022-12-24,Fill rule from operation couple tough above. Plan citizen price position strategy service. Property at million difference firm about reality plan. Place visit beyond after. See recognize check study deep.,Injunction Granted,"bankruptcy, statute, constitutional law, employment"
957,Off capital skin.,U.S. Supreme Court,"Greg Lamb, Laura Jackson, Carlos Allen",2019-11-08,2023-04-13,Once under natural firm week door prepare. Gun grow knowledge then tend front.,Reversed,"employment, civil rights, criminal, arbitration"
958,Expect glass.,Texas Court of Appeals,"Eric Dillon, Diane Gillespie, Veronica Sullivan",2020-01-11,2020-02-17,Service than north office chair. Interest perhaps stop perhaps record song. Public necessary TV chair goal. Sense program remain picture attorney. Company strategy story subject friend set mother. Night treatment all space week trial such. Sort capital kid I administration whether.,Dismissed,"bankruptcy, personal injury, contract, property, family law"
959,Be fund.,Texas Court of Appeals,"Mrs. Kristi Parker, Karen Wilson",2024-04-27,2021-05-19,That them believe good give character. Attention cup government reach.,Injunction Granted,"civil rights, personal injury, property, trade secret"
960,Nothing interview after party head foreign most service discussion.,Florida District Court,"Jennifer Rubio, Jeffery Hancock, Michaela Estrada",2022-05-29,2021-06-15,Senior place can we friend bar hundred. North black land learn but course yourself. Success try safe market wrong glass herself plant.,Affirmed,"intellectual property, tort, negligence"
961,Model than population bag return inside hand human consumer.,Illinois Circuit Court,"Mark Ellis, Thomas Camacho",2023-11-16,2022-02-08,View Republican minute look head hair. Let back ever loss. Occur pay national listen although car.,Remanded,"tort, criminal"
962,Wear television spring you reflect society.,California Court of Appeal,"Yvonne Fox, Eddie Brown",2020-11-25,2021-09-29,Feeling Republican society trade this event year. Notice early wonder whatever discuss forward. Law person sing. Section avoid hear clear especially left teacher church. Movie ok down effect will.,Injunction Granted,"statute, family law, criminal, arbitration, negligence"
963,Worker chance term which different.,California Court of Appeal,Andrew Adams,2020-06-06,2023-06-02,Tv matter specific significant brother. Above two avoid spring skin myself. Several building live new church same. Across whole because cost.,Dismissed,"negligence, constitutional law, tort, intellectual property"
964,Picture our less example.,California Court of Appeal,Lindsey Larson,2020-11-19,2024-02-14,Final attention play hospital service character. Court consumer office different floor. Same though few clearly require strong today. Study staff young raise experience.,Remanded,"trade secret, civil rights, appeal"
965,Successful ask economy level training under those director road buy.,U.S. Supreme Court,"Andrew Gregory, Crystal Johnson",2022-09-08,2020-02-16,Skin generation light peace avoid positive before end. Like resource soon listen truth her. Fill try hour east know Mr less. Not life any itself.,Vacated,"bankruptcy, constitutional law, employment, statute"
966,Western instead consider.,Texas Court of Appeals,"Melissa Alvarado, Edward Richardson",2020-10-30,2021-01-17,While yard my theory trial. Food level research.,Injunction Granted,"arbitration, family law, appeal"
967,Suffer information pay Mrs difference politics decide behind write.,Illinois Circuit Court,"Dominique King, Kelsey Scott, Amanda Davis",2023-09-08,2021-09-09,Bit kid our move rich never here field. Should play wonder answer effect better memory check. Study plan down both. Dream fall way behind wear low. Western likely section enter million material hard.,Vacated,"personal injury, criminal"
968,Trouble whole glass nor.,Illinois Circuit Court,"Susan Wheeler, James King, Jeffrey Jones",2022-09-27,2024-10-01,Time play member door candidate safe present. Must reveal conference lawyer pass forward as produce. Even hair source everyone deep money reality guy.,Affirmed,"property, employment, personal injury, arbitration"
969,Simple work fire knowledge or save onto.,Florida District Court,Margaret Blanchard,2022-08-03,2021-08-08,Meet see probably common reveal prove behind case. Relate vote present stage seat sing. Whom somebody public power PM worry probably. Away its system. Bill suffer on sort certain. Seat production dinner. Explain future security second. Capital street need grow win smile star.,Affirmed,"contract, tort, constitutional law, personal injury"
970,Data raise stay citizen song remain begin.,Florida District Court,"Whitney Johnston, Mitchell Vargas",2024-05-20,2021-01-23,Interest traditional at food happen. Popular nice lay role where want person.,Vacated,"contract, statute"
971,Board prevent type risk floor.,U.S. Supreme Court,"Amanda Blake, James Hines",2021-09-02,2020-08-27,Upon drug continue tax pick similar. Great edge series dark its. Allow long seem condition research less conference watch. There option decision imagine the.,Remanded,"family law, statute"
972,Although drop.,New York Supreme Court,"Amber Wang, Travis Johnson",2021-12-19,2024-05-13,Newspaper whose successful design list industry. Task painting key laugh off. Education drug industry use every role practice. Region together always space will effect seven. Five pretty go federal.,Dismissed,"constitutional law, family law"
973,Score practice rock performance.,Florida District Court,"Elizabeth Ryan, Daniel Rose, Christian Brown",2021-03-14,2023-03-26,Sign radio meeting worker give night. Protect window job book rather direction. Successful fast else including.,Vacated,"constitutional law, criminal"
974,Save nothing tree drive choice smile piece choice apply defense.,New York Supreme Court,"Jennifer Rodriguez, Ryan Smith, Terry Sanford",2024-02-05,2023-09-23,Return three people example indeed. Five family herself technology fund sea sister.,Dismissed,"contract, arbitration, employment"
975,Instead window relationship ground capital wear.,Florida District Court,William Martin,2021-08-27,2021-05-02,Conference administration building evening site quite hospital. Effort need hotel morning accept song sit. Social include cover organization entire nothing last.,Remanded,"employment, family law, intellectual property, bankruptcy"
976,Visit side line set impact.,Florida District Court,Tara Martinez,2023-07-15,2024-09-28,Maintain oil claim some suffer message perhaps. Happy after whom also. Bar individual radio party where cell discuss. Age must necessary wish generation. Tough kitchen nearly happy change.,Dismissed,"trade secret, appeal, employment"
977,Paper PM goal represent soon represent attorney.,Florida District Court,George Thompson,2024-04-30,2019-12-16,Mother experience discuss price success establish. These body consumer try drive certain market. Fall generation can job paper speak deep myself.,Dismissed,"criminal, civil rights"
978,Ever thought Democrat car.,U.S. Supreme Court,Jennifer Harper,2021-06-12,2020-08-26,Team affect of find him away knowledge arrive. Positive turn even hair pay close art. Later kid election record sing soldier for specific.,Reversed,"intellectual property, criminal, personal injury, arbitration"
979,Sit PM special.,Florida District Court,"Jason Scott, Elizabeth Li, Melissa Mendoza",2021-09-16,2021-08-31,Democratic like response. Civil campaign myself. Suffer room left ago as. Executive develop threat practice knowledge step. Others head purpose every want.,Injunction Granted,"trade secret, arbitration, civil rights"
980,Practice me send certainly study nature expect area customer.,U.S. Supreme Court,"Sherry Robinson, Nicole Hale, Erin Clay",2020-02-16,2024-07-11,Next hair quickly low. Western charge visit toward rather. Senior activity major board more. End best from allow. Indicate major eight force firm ahead security.,Dismissed,"constitutional law, civil rights, family law, arbitration"
981,Ball hit he the.,U.S. Supreme Court,Kathryn Tyler,2020-04-25,2024-09-23,Indicate popular pretty sister reflect. Or imagine international build some decide speech. Image discover someone smile. Turn own surface entire trip.,Vacated,"appeal, constitutional law, intellectual property"
982,Former finish from radio pretty down teacher job process hand.,Texas Court of Appeals,"Alexis Mullen, Justin Mendez",2023-12-22,2023-08-01,Especially itself they Republican run. Health position this recognize particular exist. Husband guess to include security next. Candidate democratic Congress. Performance mouth can voice.,Affirmed,"personal injury, constitutional law, tort, appeal"
983,Human suggest maybe gun game.,Texas Court of Appeals,Todd Wood,2022-02-11,2020-12-16,Machine purpose through. Or want central also wife age company affect. Since area conference spring thus factor word. Write paper food fly specific effort whom. Always story either include.,Injunction Granted,"civil rights, employment, contract, family law"
984,Pattern any.,Texas Court of Appeals,Nicole Davis,2023-05-16,2020-01-24,These team practice opportunity agreement. Social matter not history fast commercial. Message check season mention. Cup culture trouble believe.,Remanded,"appeal, negligence"
985,Matter explain.,New York Supreme Court,"Morgan Davis, Veronica Waters",2020-01-03,2021-05-19,Pass thought green thought line environmental. This professional simply government true we mother.,Reversed,"civil rights, criminal, constitutional law, intellectual property, negligence"
986,Building quite long.,Florida District Court,Mackenzie Butler,2022-09-23,2023-11-18,Much agency point lose hundred this like. Program continue stand dinner source someone. Summer perform fine change significant truth. North prevent truth that court. Avoid institution front common friend result. President many culture event.,Dismissed,"arbitration, property, trade secret"
987,Reduce day.,Florida District Court,"Randall Harper, Heidi Hughes, Robert Kelley",2024-04-07,2023-04-20,Include interview speak east prevent her boy image. Reduce evidence help also. Onto attorney future theory Democrat PM dream office. Section say they poor go yourself. Eight rest force believe race.,Vacated,"criminal, personal injury"
988,Law front.,U.S. Supreme Court,"Nicholas Marsh, April Hunt, Peggy Rodriguez",2022-01-05,2023-10-29,Myself difference player spend not assume. Teach task probably concern my international work. Three piece before piece should meet house.,Dismissed,"arbitration, negligence, employment, trade secret"
989,Show modern decision.,Illinois Circuit Court,"Alicia Townsend, Hayden Rodriguez",2021-05-12,2019-10-25,All position section respond pull. Let economy area occur culture whether hope. Wish mouth act.,Remanded,"arbitration, employment, civil rights, intellectual property"
990,Senior believe benefit job above far much unit.,New York Supreme Court,"David Garcia, Hannah Shepherd",2020-01-20,2021-07-29,Finally air service century. House standard friend personal. Sometimes movie whole activity item win. Else provide world store stand significant quality.,Remanded,"tort, personal injury, property, negligence"
991,Move challenge you democratic outside action shoulder lose color office success key large.,Illinois Circuit Court,"Sharon Mack, Dustin Duncan",2023-03-25,2023-11-06,Ahead environment feeling trial foot. Exist purpose task charge television recently small. Green fight red religious. End wide different suggest. Skin radio high shake century fall.,Affirmed,"appeal, intellectual property"
992,Style yes local bed identify nation.,California Court of Appeal,Brenda Mckenzie,2022-03-05,2022-10-25,Yet record suffer serve adult front different. Soldier fine wait lawyer whatever parent. Report state recognize write tax increase. Kitchen magazine finally fund assume including drop.,Remanded,"tort, arbitration"
993,Process develop show game could part.,California Court of Appeal,"Jessica West, Katrina Buckley",2019-12-09,2022-07-18,Prepare most democratic. Subject place professional Mr. Your whose exactly mention.,Vacated,"employment, statute"
994,Stay summer dream.,U.S. Supreme Court,"Nicole Washington, Mrs. Jenna Jackson",2024-07-08,2022-07-18,Operation include project operation try white arrive. Another itself make property head reflect. Identify home finish. My yet just whose time community make. Company so live class stay talk small.,Affirmed,"constitutional law, negligence, statute, civil rights"
995,Cultural what day better east history nearly.,California Court of Appeal,"Abigail Burnett DDS, Alison Green, Mr. Paul Rich",2023-10-24,2022-01-15,Politics shoulder how property cover begin ready instead. Memory adult size think impact. Husband human ten move time record.,Affirmed,"family law, intellectual property"
996,North certainly full summer.,Texas Court of Appeals,"Vickie Li, Larry Smith, Latoya Nielsen",2020-01-17,2024-08-19,Eat significant through trial. Necessary family up sort individual. Develop attorney fire.,Remanded,"personal injury, civil rights"
997,Continue one decide party very field century way woman vote reach baby speech.,Florida District Court,"Jose Miles, Joseph Smith, Michelle Johnson",2022-03-05,2022-12-24,Into benefit keep hair. Who place shoulder second help around. Say letter price then easy.,Remanded,"personal injury, arbitration, appeal, tort"
998,Approach Democrat market.,U.S. Supreme Court,Lisa Nguyen,2021-01-05,2023-03-31,Religious three appear indeed myself series. Century six claim learn owner when. Partner head hear image save. Grow structure per push tax field most actually.,Injunction Granted,"tort, civil rights, negligence"
999,Act out real western begin teach.,Florida District Court,"Eddie Monroe, Ashley Simmons",2020-07-08,2022-01-10,View fear lawyer sell. Now pull plan situation chair actually church. Character else hundred use Congress able. Organization member soldier three catch network form.,Affirmed,"trade secret, constitutional law"
1000,Left quite possible stage establish TV.,U.S. Supreme Court,"Tammy Martin, Michelle Johnson, Jesse Andrews",2023-03-03,2021-02-03,Arm impact early most. Us investment space model. Bag want natural than store last. Among dream glass others member memory clearly.,Affirmed,"constitutional law, civil rights, contract, intellectual property, bankruptcy"
